strain,insertion: 28bp @ ref pos 0,insertion: 1bp @ ref pos 5,insertion: 1bp @ ref pos 7,insertion: 41bp @ ref pos 16,insertion: 6bp @ ref pos 30,insertion: 3bp @ ref pos 33,insertion: 2bp @ ref pos 60,insertion: 1bp @ ref pos 69,insertion: 2bp @ ref pos 70,insertion: 8bp @ ref pos 80,insertion: 3bp @ ref pos 494,insertion: 1bp @ ref pos 565,insertion: 4bp @ ref pos 570,insertion: 1bp @ ref pos 920,insertion: 6bp @ ref pos 1704,insertion: 1bp @ ref pos 1705,insertion: 139bp @ ref pos 1718,insertion: 30bp @ ref pos 1740
A/mallard/Alberta/118/1995,AGCAAAAGCAGG,,,,,,,,,,,,,,,,,CCTTGTTTCTACT
A/pintail_duck/Alberta/169/1980,AGCAAAAGCAGG,,,,,,,,,,,,,,,,,CCTTGTTTCTACT
A/mallard/Alberta/635/1983,AGCAAAAGCAGG,,,,,,,,,,,,,,,,,CCTTGTTTCTACT
A/mallard_duck/Alberta/331/1985,AGCAAAAGCAGG,,,,,,,,,,,,,,,,,CCTTGTTTCTACT
A/American_Green-winged_Teal/North_Dakota/AH0003568S.4.A/2015,AGCAAAAGCAGG,,,,,,,,,,,,,,,,,CCTTGTTTCTAC
A/mallard/Alberta/363/2018,AGCAAAAGCAGG,,,,,,,,,,,,,,,,,
A/duck/Memphis/928/1974,AGCAAAAGCAGG,,,,,,,,,,,,,,,,,CCTTGTTTCTACT
A/Mallard/Pennsylvania/AH0119429S.4.A/2017,AGCAAAAGCAGG,,,,,,,,,,,,,,,,,CCTTGTTTCTACT
A/ruddy_turnstone/Delaware_Bay/607/2017,AGCAAAAGCAGG,,,,,,,,,,,,,,,,,CCTTGTTTCTAC
A/ruddy_turnstone/Delaware_Bay/606/2017,AGCAAAAGCAGG,,,,,,,,,,,,,,,,,CCTTGTTTCTAC
A/Mallard/North_Dakota/AH0037693S.4.A/2015,AGCAAAAGCAGG,,,,,,,,,,,,,,,,,CCTTGTTTCT
A/wildbird/California/187718-36/2008,AGCAAAAGCAGG,,,,,,,,,,,,,,,,,CCTTGTTTCTACT
A/harbor_seal/New_Hampshire/ES10B72H3/2019,AGCAAAAGCAGG,,,,,,,,,,,,,,,,,CCTTGTTTCTACT
A/harbor_seal/New_Hampshire/ES10B48H3/2019,AGCAAAAGCAGG,,,,,,,,,,,,,,,,,CCTTGTTTCTACT
A/harbor_seal/New_Hampshire/UCD179629mdck/2017,AGCAAAAGCAGG,,,,,,,,,,,,,,,,,CCTTGTTTCTACT
A/seal/Massachusetts/3911/1992,AGCAAAAGCAGG,C,,,,,,,,,,,,,,,,CCTTGTTTCTACT
A/duck/Mongolia/675/2015,AGCAAAAGCAGG,,,,,,,,,,,,,,,,,CCTTG
A/duck/Mongolia/20/2015,AGCAAAAGCAGG,,,,,,,,,,,,,,,,,CCTTG
A/Duck/Mongolia/2021-MG05/2021,AGCAAAAGCAGG,,,,,,,,,,,,,,,,,CCTTG
A/Duck/Mongolia/2021-MG09/2021,AGCAAAAGCAGG,,,,,,,,,,,,,,,,,CCTTG
A/duck/Mongolia/129/2015,AGCAAAAGCAGG,,,,,,,,,,,,,,,,,CCTTGT
A/duck/Mongolia/122/2015,AGCAAAAGCAGG,,,,,,,,,,,,,,,,,CCTTGATCT
A/duck/Mongolia/116/2015,AGCAAAAGCAGG,,,,,,,,,,,,,,,,,CCTTGATCT
A/duck/Mongolia/124/2015,AGCAAAAGCAGG,,,,,,,,,,,,,,,,,CCTTGATCT
A/duck/Mongolia/MN18-1/2018,AGCAAAAGCAGG,,,,,,,,,,,,,,,,,CCTTGATCTAAT
A/duck/Shanghai/120-1/2009,AGCAAAAGCAGG,,,,,,,,,,,,,,,,,
A/chicken/Guangdong/01/2013,AGCAAAAGCAGG,,,,,,,,,,,,,,,,,
A/Green-winged_teal_Anas_crecca_/South_Korea/KNU2019-72/2019,AGCAAAAGCAGG,,,,,,,,,,,,,,,,,CCTTGTTTTTAAT
A/duck/Chernogolovka/5908/2021,AGCAAAAGCAGG,,,,,,,,,,,,,,,,,CCTTGTTTCTACT
A/duck/Chernogolovka/5897/2021,AGCAAAAGCAGG,,,,,,,,,,,,,,,,,CCTTGTTTCTACT
A/duck/Assam/DUCL1512100011/2015,AGCAAAAGCAGG,,,,,,,,,,,,,,,,,
A/quail/Nanchang/7-026/2000,AGCAAAAGCAGG,,,,,,,,,,,,,,,,,CCTTGTTTCTACT
A/chicken/Nanchang/7-010/2000,AGCAAAAGCAGG,,,,,,,,,,,,,,,,,CCTTGTTTCTACT
A/duck/Nanchang/1681/1992,AGCAAAAGCAGG,,,,,,,,,,,,,,,,,CCTTGTTTCTACT
A/Wild_duck/South_Korea/KNU2020-104/2020,AGCAAAAGCAGG,,,,,,,,,,,,,,,,,CCTTGATCTGAACT
A/duck/Vietnam/HN6479/2020,AGCAAAAGCAGG,,,,,,,,,,,,,,,,,CCTTGTTTCTACT
A/duck/Vietnam/HN6471/2020,AGCAAAAGCAGG,,,,,,,,,,,,,,,,,CCTTGTTTCTACT
A/duck/Vietnam/QN6589/2020,AGCAAAAGCAGG,,,,,,,,,,,,,,,,,CCTTGTTTCTACT
A/Muscovy_duck/Vietnam/QN6297/2020,AGCAAAAGCAGG,,,,,,,,,,,,,,,,,CCTTGTTTCTACT
A/Muscovy_duck/Vietnam/QN6305/2020,AGCAAAAGCAGG,,,,,,,,,,,,,,,,,CCTTGTTTCTACT
A/Muscovy_duck/Vietnam/HN5489/2019,AGCAAAAGCAGG,,,,,,,,,,,,,,,,,CCTTGTTTCTACT
A/duck/Vietnam/HN5616/2019,AGCAAAAGCAGG,,,,,,,,,,,,,,,,,CCTTGTTTCTACT
A/Muscovy_duck/Vietnam/HN5482/2019,AGCAAAAGCAGG,,,,,,,,,,,,,,,,,CCTTGTTTCTACT
A/duck/Vietnam/HN6617/2020,AGCAAAAGCAGG,,,,,,,,,,,,,,,,,CCTTGTTTCTACT
A/duck/Vietnam/HN5953/2019,AGCAAAAGCAGG,,,,,,,,,,,,,,,,,CCTTGTTTCTACT
A/duck/Vietnam/HN5958/2019,AGCAAAAGCAGG,,,,,,,,,,,,,,,,,CCTTGTTTCTACT
A/duck/Vietnam/HN5956/2019,AGCAAAAGCAGG,,,,,,,,,,,,,,,,,CCTTGTTTCTACT
A/duck/Vietnam/HN5952/2019,AGCAAAAGCAGG,,,,,,,,,,,,,,,,,CCTTGTTTCTACT
A/duck/Vietnam/HN5955/2019,AGCAAAAGCAGG,,,,,,,,,,,,,,,,,CCTTGTTTCTACT
A/duck/Vietnam/HN5001/2018,AGCAAAAGCAGG,,,,,,,,,,,,,,,,,CCTTGTTTCTACT
A/duck/Vietnam/HN4793/2018,AGCAAAAGCAGG,,,,,,,,,,,,,,,,,CCTTGTTTCTACT
A/duck/Vietnam/HN4792/2018,AGCAAAAGCAGG,,,,,,,,,,,,,,,,,CCTTGTTTCTACT
A/duck/Vietnam/HN4797/2018,AGCAAAAGCAGG,,,,,,,,,,,,,,,,,CCTTGTTTCTACT
A/duck/Vietnam/HN4798/2018,AGCAAAAGCAGG,,,,,,,,,,,,,,,,,CCTTGTTTCTACT
A/duck/Vietnam/HN5003/2018,AGCAAAAGCAGG,,,,,,,,,,,,,,,,,CCTTGTTTCTACT
A/duck/Moscow/3554/2008,AGCAAAAGCAGG,,,,,,,,,,,,,,,,,
A/duck/Moscow/5171/2015,AGCAAAAGCAGG,,,,,,,,,,,,,,,,,
A/duck/Moscow/5163/2015,AGCAAAAGCAGG,,,,,,,,,,,,,,,,,
A/duck/Moscow/5169/2015,AGCAAAAGCAGG,,,,,,,,,,,,,,,,,CCTTGTTTCTACT
A/duck/Moscow/5172/2015,AGCAAAAGCAGG,,,,,,,,,,,,,,,,,CCTTGTTTCTACT
A/mallard_duck/Netherlands/13/2012,AGCAAAAGCAGG,,,,,,,,,,,,,,,,,CCTTGTTTCTACT
A/Arenaria_interpres/Belgium/9365_2/2019,AGCAAAAGCAGG,,,,,,,,,,,,,,,,,CCTTGTTTCTACT
A/duck/Nanchang/8-174/2000,AGCAAAAGCAGG,,,,,,,,,,,,,,,,,CCTTGTTTCTACT
A/duck/Moscow/4298/2010,AGCAAAAGCAGG,,,,,,,,,,,,,,,,,CCTTGTTTCTA
A/Muscovy_duck/Vietnam/HN4910/2018,AGCAAAAGCAGG,,,,,,,,,,,,,,,,,CCTTGTTTCTACT
A/Muscovy_duck/Vietnam/HN4903/2018,AGCAAAAGCAGG,,,,,,,,,,,,,,,,,CCTTGTTTCTACT
A/duck/Vietnam/HN4917/2018,AGCAAAAGCAGG,,,,,,,,,,,,,,,,,CCTTGTTTCTACT
A/duck/Vietnam/HN4911/2018,AGCAAAAGCAGG,,,,,,,,,,,,,,,,,CCTTGTTTCTACT
A/duck/Vietnam/HN4931/2018,AGCAAAAGCAGG,,,,,,,,,,,,,,,,,CCTTGTTTCTACT
A/Muscovy_duck/Vietnam/HN6220/2020,AGCAAAAGCAGG,,,,,,,,,,,,,,,,,CCTTGTTTCTACT
A/duck/Vietnam/HN6211/2020,AGCAAAAGCAGG,,,,,,,,,,,,,,,,,CCTTGTTTCTACT
A/duck/Vietnam/HN6212/2020,AGCAAAAGCAGG,,,,,,,,,,,,,,,,,CCTTGTTTCTACT
A/Muscovy_duck/Vietnam/HN5629/2019,AGCAAAAGCAGG,,,,,,,,,,,,,,,,,CCTTGTTTCTACT
A/duck/Vietnam/HN6425/2020,AGCAAAAGCAGG,,,,,,,,,,,,,,,,,CCTTGTTTCTACT
A/duck/Vietnam/HN5421/2019,AGCAAAAGCAGG,,,,,,,,,,,,,,,,,CCTTGTTTCTACT
A/chicken/Nanjing/B854-2/2011,AGCAAAAGCAGG,,,,,,,,,,,,,,,,,
A/swine/Fujian/668/01,AGCAAAAGCAGG,,,,,,,,,,,T,,,,,,
A/duck/Vietnam/HN5681/2019,AGCAAAAGCAGG,,,,,,,,,,,,,,,,,CCTTGTTTCTACT
A/duck/Vietnam/HN5687/2019,AGCAAAAGCAGG,,,,,,,,,,,,,,,,,CCTTGTTTCTACT
A/duck/Vietnam/HN5686/2019,AGCAAAAGCAGG,,,,,,,,,,,,,,,,,CCTTGTTTCTACT
A/duck/Vietnam/HN5688/2019,AGCAAAAGCAGG,,,,,,,,,,,,,,,,,CCTTGTTTCTACT
A/duck/Vietnam/HN5689/2019,AGCAAAAGCAGG,,,,,,,,,,,,,,,,,CCTTGTTTCTACT
A/canine/Korea/MV1/2012,AGCAAAAGCAGG,,,,,,,,,,,,,,,,,CCTTGTTTCTACT
A/canine/Singapore/SG_NParks_CIV_M4705/2018,AGCAAAAGCAGG,,,,,,,,,,,,,,,,,
A/canine/Singapore/SG_NParks_CIV_M3405/2018,AGCAAAAGCAGG,,,,,,,,,,,,,,,,,CCTTGTTTCT
A/duck/China/322D22/2018,AGCAAAAGCAGG,,,,,,,,,,,,,,,,,CCTTGTTTCTACT
A/Bucefala_clangula/Buryatia/652/1988,AGCAAAAGCAGG,,,,,,,,,,,,,,,,,
A/red-necked_stint/Australia/4500/1980,AGCAAAAGCAGG,,,,,,,,,,,,,,,,,CCTTGTTTCTACT
A/swine/Hong_Kong/126/1982,AGCAAAAGCAGG,,,,,,,,,,,,,,,,,CCTTGTTTGTAAT
A/pigeon/Nanchang/9-058/2000,AGCAAAAGCAGG,,,,,,,,,,,,,,,,,CCTTGTTTCTACT
A/bantam/Nanchang/9-366/2000,AGCAAAAGCAGG,,,,,,,,,,,,,,,,,CCTTGTTTCTACT
A/duck/Hebei/B1645-2/2011,AGCAAAAGCAGG,,,,,,,,,,,,,,,,,
A/swine/France/59-120031/2012,AGCAAAAGCAGG,,,,,,,,,,,,,,,,,CCTTGTTTCTACT
A/swine/Borken/11902/2010,AGCAAAAGCAGG,,,,,,,,,,,,,,,,,CCT
A/swine/Ostenfelde/8082/2008,AGCAAAAGCAGG,,,,,,,,,,,,,,,,,C
A/swine/Warendorf/10669/2009,AGCAAAAGCAGG,,,,,,,,,,,,,,,,,C
A/Sus_scrofa/France/62-160219/2016,AGCAAAAGCAGG,,,,,,,,,,,,,,,,,CCTTGTTTCTACT
A/swine/Meschede/6850/2008,AGCAAAAGCAGG,,,,,,,,,,,,,,,,,CCTTGTTTCTACT
A/swine/Schnaitsee/4700/2005,AGCAAAAGCAGG,,,,,,,,,,,,,,,,,
A/swine/Welver/4701/2005,AGCAAAAGCAGG,,,,,,,,,,,,,,,,,
A/swine/Ostbevern/6907/2008,AGCAAAAGCAGG,,,,,,,,,,,,,,,,,CCT
A/swine/Tetenbuell/9718/2009,AGCAAAAGCAGG,,,,,,,,,,,,,,,,,
A/swine/Reken/5580/2006,AGCAAAAGCAGG,,,,,,,,,,,,,,,,,
A/swine/Vilsbiburg/5733/2006,AGCAAAAGCAGG,,,,,,,,,,,,,,,,,C
A/swine/Spain/45690-1/2016,AGCAAAAGCAGG,,,,,,,,,,,,,,,,,CCTTGTTTCTACT
A/swine/Germany/SEC27/97,AGCAAAAGCAGG,,,,,,,,,,,,,,,,,
A/wild_boar/Germany/WS169/2006,AGCAAAAGCAGG,,,,,,,,,,,,,,,,,CCTTGTTTCTACT
A/swine/Germany/S043/2002,AGCAAAAGCAGG,,,,,,,,,,,,,,,,,
A/swine/Chachoengsao/2002,AGCAAAAGCAGG,,,,,,,,,,,,,,,,,CCTTGTTTCTAAT
A/swine/Chonburi/2002,AGCAAAAGCAGG,,,,,,,,,,,,,,,,,CCTTGTTTCTACT
A/swine/Nakhon_Pathom/2002,AGCAAAAGCAGG,,,,,,,,,,,,,,,,,CCTTGTTTCTACT
A/swine/Shandong/3/2005,AGCAAAAGCAGG,,,,,,,,,,,,,,,,,CCTTGTTTCTACT
A/swine/IN/PU542/04,AGCAAAAGCAGG,,,,,,,,,,,,,,,,,CCTTGTTTCTACT
A/swine/Texas/4199-2/1998,AGCAAAAGCAGG,,,,,,,,,,,,,,,,,CCTTGTTTCTACT
A/swine/Colorado/1/1977,AGCAAAAGCAGG,,,,,,,,,,,,,,,,,CCTTGTTTCTACT
A/swine/Guangdong/01/1998,AGCAAAAGCAGG,,,,,,,,,,,,,,,,,CCTTGTTTCTACT
A/swine/Hong_Kong/81/1978,AGCAAAAGCAGG,,,,,,,,,,,,,,,,,CCTTGTTTTTAAT
A/swine/Karrenzien/2/87,AGCAAAAGCAGG,,,,,,,,,,,,,,,,,A
A/swine/Obihiro/10/1985,AGCAAAAGCAGG,,,,,,,,,,,,,,,,,CCTTGTTTCTACT
A/swine/Argentina/CIP051-A2/2008,AGCAAAAGCAGG,,,,,,,,,,,,,,,,,CCTTGTTTCTACT
A/swine/Guatemala/MM-160/2013,AGCAAAAGCAGG,,,,,,,,,,,,,,,,,CCTTGTTTCTACT
A/swine/Guatemala/CIP049-IP040078/2010,AGCAAAAGCAGG,,,,,,,,,,,,,,,,,CCTTGTTTCTACT
A/swine/Mexico/AVX13/2012,AGCAAAAGCAGG,,,,,,,,,,,,,,,,,CCTTGTTTCTACT
A/swine/MI/PU243/04,AGCAAAAGCAGG,,,,,,,,,,,,,,,,,CCTTGTTTCTACT
A/turkey/Ontario/FAV-3/2011,AGCAAAAGCAGG,,,,,,,,,,,,,,,,,CCTTGTTTCTACT
A/swine/Kansas/015252/2009,AGCAAAAGCAGG,,,,,,,,,,,,,,,,,CCTTGTTTCTACT
A/turkey/Ontario/FAV-9/2011,AGCAAAAGCAGG,,,,,,,,,,,,,,,,,CCTTGTTTCTACT
A/turkey/Ontario/FAV-10/2011,AGCAAAAGCAGG,,,,,,,,,,,,,,,,,CCTTGTTTCTACT
A/swine/South_Dakota/MT_12_07_1567/2012,AGCAAAAGCAGG,,,,,,,,,,,,,,,,,CCTTGTTTCTACT
A/swine/Mexico/AVX37/2012,AGCAAAAGCAGG,,,,,,,,,,,,,,,,,CCTTGTTTCTACT
A/swine/Mexico/AVX38/2012,AGCAAAAGCAGG,,,,,,,,,,,,,,,,,CCTTGTTTCTACT
A/swine/Mexico/AVX19/2012,AGCAAAAGCAGG,,,,,,,,,,,,,,,,,CCTTGTTTCTACT
A/swine/Mexico/AVX15/2012,AGCAAAAGCAGG,,,,,,,,,,,,,,,,,CCTTGTTTCTACT
A/swine/Los_Andes/VN1401-3086/2017,AGCAAAAGCAGG,,,,,,,,,,,,,,,,,CCTTGTTTCTACT
A/swine/Valparaiso/VN1401-3773/2018,AGCAAAAGCAGG,,,,,,,,,,,,,,,,,CCTTGTTTCTACT
A/swine/Indonesia/P6-09-04/2004,AGCAAAAGCAGG,,,,,,,,,,,,,,,,,CCTTGTTT
A/swine/Taiwan/NPUST0007/2013,AGCAAAAGCAGG,,,,,,,,,,,,,,,,,CCTTGTTTCTACT
A/swine/Taiwan/NPUST0008/2013,AGCAAAAGCAGG,,,,,,,,,,,,,,,,,CCTTGTTTCTACT
A/swine/Taiwan/NPUST0014/2013,AGCAAAAGCAGG,,,,,,,,,,,,,,,,,CCTTGTTTCTACT
A/swine/Maule/VN1401-3981/2018,AGCAAAAGCAGG,,,,,,,,,,,,,,,,,CCTTGTTTCTACT
A/swine/Maule/VN1401-3982/2018,AGCAAAAGCAGG,,,,,,,,,,,,,,,,,CCTTGTTTCTACT
A/swine/Maule/VN1401-3983/2018,AGCAAAAGCAGG,,,,,,,,,,,,,,,,,CCTTGTTTCTACT
A/equine/Richmond/1/2007,AGCAAAAGCAGG,,T,,TTATTT,,,,,CCCAATC,,,,,,,,CCTTGTTTCTACT
A/equine/Kostanay/9/2012,AGCAAAAGCAGG,,T,,TTATTT,,,,,CCCAATC,,,,,,,,
A/equine/Heilongjiang/SS1/2013,AGCAAAAGCAGG,,T,,TTATTT,,,,,CCCAATC,,,,,,,,CCTTGTTTCTACT
A/equine/LKZ/9/2012,AGCAAAAGCAGG,,T,,TTATTT,,,,,CCCAATC,,,,,,,,CCTTGTTTCTACT
A/equine/China/Ulumuqi/2015,AGCAAAAGCAGG,,T,,TTACTT,,,,,CCCAATC,,,,,,,,CCTTGTTTCTACT
A/equine/Kyonggi/SA1/2011,AGCAAAAGCAGG,,T,,,,,,,CCCAATC,,,,,,,,CCTTGTTTCTACT
A/donkey/Nigeria/VRD19_ZM20_T10_19RS459-5/2019,AGCAAAAGCAGG,,T,,,,,,,CCCAATC,,,,,,,,CCTTGTTTCTACT
A/equine/Colina/2012,AGCAAAAGCAGG,,T,,,,,,,CCCAATC,,,,,,,,CCTTGTTTCTACT
A/equine/Florida/146609/2011,AGCAAAAGCAGG,,T,,,,,,,CCCAATC,,,,,,,,CCTTGTTTCTACT
A/equine/Oregon/78356/2012,AGCAAAAGCAGG,,T,,,,,,,CCCAATC,,,,,,,,CCTTGTTTCTACT
A/equine/Pennsylvania/98683/2011,AGCAAAAGCAGG,,T,,,,,,,CCCAATC,,,,,,,,CCTTGTTTCTACT
A/equine/New_York/CRP412/2013,AGCAAAAGCAGG,,T,,,,,,,CCCAATC,,,,,,,,CCTTGTTTCTACT
A/equine/New_York/82128/2014,AGCAAAAGCAGG,,T,,,,,,,CCCAATC,,,,,,,,CCTTGTTTCTACT
A/equine/New_York/CRP413/2015,AGCAAAAGCAGG,,T,,,,,,,CCCAATC,,,,,,,,CCTTGTTTCTACT
A/equine/New_Jersey/93950/2015,AGCAAAAGCAGG,,T,,,,,,,CCCAATC,,,,,,,,CCTTGTTTCTACT
A/equine/New_Hampshire/315579/2015,AGCAAAAGCAGG,,T,,,,,,,CCCAATC,,,,,,,,CCTTGTTTCTACT
A/equine/Montana/9564-1/2015,AGCAAAAGCAGG,,T,,,,,,,CCCAATC,,,,,,,,CCTTGTTTCTACT
A/equine/Georgia/121362-16/2016,AGCAAAAGCAGG,,T,,,,,,,CCCAATC,,,,,,,,CCTTGTTTCTACT
A/equine/New_York/135857/2016,AGCAAAAGCAGG,,T,,,,,,,CCCAATC,,,,,,,,CCTTGTTTCTACT
A/equine/North_Carolina/202527/2016,AGCAAAAGCAGG,,T,,,,,,,CCCAATC,,,,,,,,CCTTGTTTCTACT
A/equine/Texas/1/2020,AGCAAAAGCAGG,,T,,,,,,,CCCAATC,,,,,,,,CCTTGTTTCTACT
A/equine/Oklahoma/9241/2019,AGCAAAAGCAGG,,T,,,,,,,CCCAATC,,,,,,,,CCTTGTTTCTACT
A/equine/Iowa/1/2021,AGCAAAAGCAGG,,T,,,,,,,CCCAATC,,,,,,,,CCTTGTTTCTACT
A/equine/Ohio/OH21-6023/2021,AGCAAAAGCAGG,,T,,,,,,,CCCAATC,,,,,,,,CCTTGTTTCTACT
A/equine/California/5/2020,AGCAAAAGCAGG,,T,,,,,,,CCCAATC,,,,,,,,CCTTGTTTCTACT
A/equine/United_Kingdom/PM099/2019,AGCAAAAGCAGG,,T,,,,,,,CCCAATA,,,,,,,,CCTTGTTTCTACT
A/equine/United_Kingdom/PM093/2019,AGCAAAAGCAGG,,T,,,,,,,CCCAATA,,,,,,,,CCTTGTTTCTACT
A/equine/United_Kingdom/PM083/2019,AGCAAAAGCAGG,,T,,,,,,,CCCAATA,,,,,,,,CCTTGTTTCTACT
A/equine/United_Kingdom/PM082/2019,AGCAAAAGCAGG,,T,,,,,,,CCCAATA,,,,,,,,CCTTGTTTCTACT
A/equine/United_Kingdom/PM094/2019,AGCAAAAGCAGG,,T,,,,,,,CCCAATA,,,,,,,,CCTTGTTTCTACT
A/equine/United_Kingdom/PM080/2019,AGCAAAAGCAGG,,T,,,,,,,CCCAATA,,,,,,,,CCTTGTTTCTACT
A/equine/United_Kingdom/PM089/2019,AGCAAAAGCAGG,,T,,,,,,,CCCAATA,,,,,,,,CCTTGTTTCTACT
A/equine/United_Kingdom/PM081/2019,AGCAAAAGCAGG,,T,,,,,,,CCCAATA,,,,,,,,CCTTGTTTCTACT
A/equine/United_Kingdom/PM084/2019,AGCAAAAGCAGG,,T,,,,,,,CCCAATA,,,,,,,,CCTTGTTTCTACT
A/equine/California/CRP341/2019,AGCAAAAGCAGG,,T,,,,,,,CCCAATA,,,,,,,,CCTTGTTTCTACT
A/equine/United_Kingdom/PM096/2019,AGCAAAAGCAGG,,T,,,,,,,CCCAATA,,,,,,,,CCTTGTTTCTACT
A/equine/Florida/2/2022,AGCAAAAGCAGG,,T,,,,,,,CCCAATC,,,,,,,,CCTTGTTTCTACT
A/equine/Missouri/1/2022,AGCAAAAGCAGG,,T,,,,,,,CCCAATC,,,,,,,,CCTTGTTTCTACT
A/equine/California/3/2020,AGCAAAAGCAGG,,T,,,,,,,CCCAATC,,,,,,,,CCTTGTTTCTACT
A/equine/Rhode_Island/1/2021,AGCAAAAGCAGG,,T,,,,,,,CCCAATA,,,,,,,,CCTTGTTTCTACT
A/equine/Kentucky/5/2002,AGCAAAAGCAGG,,T,,,,,,,CCCAATC,,,,,,,,CCTTGTTTCTACT
A/canine/Massachusetts/26810/2016,AGCAAAAGCAGG,,T,,,,,,,CCCAATC,,,,,,,,CCTTGTTTCTACT
A/equine/Kentucky/1/1981,AGCAAAAGCAGG,,T,,,,,,,CCCAACC,,,,,,,,CCTTGTTTCTACT
A/equine/Fontainebleau/1976,AGCAAAAGCAGG,,T,,,,,,,CCCAACC,,,,,,,,CCTTGTTTCTACT
A/equine/Kentucky/1/1990,AGCAAAAGCAGG,,T,,,,,,,CCCAACC,,,,,,,,CCTTGTTTCTACT
A/equine/Kentucky/1/1991,AGCAAAAGCAGG,,T,,,,,,,CCCAACC,,,,,,,,CCTTGTTTCTACT
A/equine/Kentucky/1/1994,AGCAAAAGCAGG,,T,,,,,,,CCCAACC,,,,,,,,CCTTGTTTCTACT
A/equine/Kentucky/1/1992,AGCAAAAGCAGG,,T,,,,,,,CCCAACC,,,,,,,,CCTTGTTTCTACT
A/equine/Hong_Kong/J/1992,AGCAAAAGCAGG,,T,,,,,,,CCCAACC,,,,,,,,CCTTGTTTCTACT
A/swine/Anhui/01/2006,AGCAAAAGCAGG,,T,,,,,,,CCCAACC,,,,,,,,CCTTGTTTCTACT
A/equine/Taby/1991,AGCAAAAGCAGG,,T,,,,,,,CCCAACC,,,,,,,,CCTTG
A/equine/Quillota/2/1992,AGCAAAAGCAGG,,T,,,,,,,CCCAACC,,,,,,,,CCTTGTTTCTACT
A/equine/Pulawy/P5ECE/2018,AGCAAAAGCAGG,,T,,,,,,,CCCAATC,,,,,,,,
A/equine/Pulawy/P2ECE/2005,AGCAAAAGCAGG,,T,,,,,,,CCCAATC,,,,,,,,
A/equine/Pulawy/1/2005,AGCAAAAGCAGG,,T,,,,,,,CCCAATC,,,,,,,,CC
A/black-headed_gull/Chile/C38075/2018,AGCAAAAGCAGG,,T,,,,,,,CCCAATC,,,,,,,,CCTTGTTTCTACT
A/black_skimmer/Chile/C26100/2017,AGCAAAAGCAGG,,T,,,,,,,CCCAATC,,,,,,,,CCTTGTTTCTACT
A/mallard/Alberta/127/00,GAGCAAAAGCAGG,,,,,,,,,,,,,,,,,
A/mallard/Alberta/279/98,CAAAAGCAGG,,,,,,,,,,,,,,,,,
A/blue-winged_teal/Guatemala/CIP049H104-93/2011,CAAAAGCAGG,,,,,,,,,,,,,,,,,CCTTGTTTCTACT
A/swine/Brabant/1984,CAAAAGCAGG,,,,,,,,,,,,,,,,,CCTTGTTTCTACT
A/swine/Western_Australia/AS16-2465-03/2016,CAAAAGCAGG,,,,,,,,,,,,,,,,,
A/American_green-winged_teal/Missouri/17OS3188/2017,AGG,,,,,,,,,,,,,,,,,CCTTGTTTCTACT
A/blue-winged_teal/Ohio/17OS2004/2017,AGG,,,,,,,,,,,,,,,,,CCTTGTTTCTACT
A/duck/Mongolia/921/2018,AGG,,,,,,,,,,,,,,,,,
A/duck/Mongolia/620/2018,AGG,,,,,,,,,,,,,,,,,C
A/duck/Mongolia/972/2018,AGG,,,,,,,,,,,,,,,,,C
A/mallard/Sweden/50/2002,AGG,,,,,,,,,,,,,,,,,CC
A/pintail/Alberta/37/1999,AAAAGCAGG,,,,,,,,,,,,,,,,,
A/blue-winged_teal/Missouri/15OS4769/2015,AAAGCAGG,,,,,,,,,,,,,,,,,CCTTGTTTCTACT
A/mallard/Ohio/48/1986,AAAGCAGG,,,,,,,,,,,,,,,,,
A/Blue-winged_Teal/Wisconsin/AH0099825S.4.A/2016,GG,,,,,,,,,,,,,,,,,CCTTGTTTCTACT
A/duck/Hokkaido/W150/2015,GG,,,,,,,,,,,,,,,,,
A/duck/Vietnam/HU5-481/2016,GG,,,,,,,,,,,,,,,,,
A/Mallard/Pennsylvania/AH0119495S.4.A/2017,AGTAGAAACAAGG,,,,,,,,,,,,,,,,,CCTTGTTTCTACT
A/Bar-headed_goose__Anser_indicus_/India/DBC1-12a/2016,GCAGG,,,,,,,,,,,,,,,,,CCTTG
A/duck/Mongolia/637/2019,GCAGG,,,,,,,,,,,,,,,,,CCTT
A/duck/Mongolia/487/2011,GCAGG,,,,,,,,,,,,,,,,,CCTTG
A/duck/Mongolia/131/2010,GCAGG,,,,,,,,,,,,,,,,,CCTTG
A/duck/Mongolia/593/2010,GCAGG,,,,,,,,,,,,,,,,,CCTTG
A/duck/Mongolia/646/2010,GCAGG,,,,,,,,,,,,,,,,,CCTTG
A/duck/Mongolia/672/2010,GCAGG,,,,,,,,,,,,,,,,,CCTTG
A/duck/Mongolia/144/2005,GCAGG,,,,,,,,,,,,,,,,,CCTTG
A/duck/Mongolia/621/2010,GCAGG,,,,,,,,,,,,,,,,,CCTTG
A/duck/Mongolia/398/2011,GCAGG,,,,,,,,,,,,,,,,,CCTTG
A/duck/Mongolia/402/2011,GCAGG,,,,,,,,,,,,,,,,,CCTTG
A/duck/Mongolia/139/2010,GCAGG,,,,,,,,,,,,,,,,,CCTTG
A/duck/Mongolia/572/2015,GCAGG,,,,,,,,,,,,,,,,,CCTTG
A/duck/Mongolia/314/2018,GCAGG,,,,,,,,,,,,,,,,,CCTTG
A/duck/Mongolia/667/2019,GCAGG,,,,,,,,,,,,,,,,,CCTTG
A/duck/Vietnam/LBM553/2013,GCAGG,,,,,,,,,,,,,,,,,
A/duck/Hokkaido/W151/2017,GCAGG,,,,,,,,,,,,,,,,,C
A/duck/Hokkaido/W144/2017,GCAGG,,,,,,,,,,,,,,,,,CCTT
A/duck/Hokkaido/W154/2017,GCAGG,,,,,,,,,,,,,,,,,CCTTG
A/duck/Mongolia/116/2011,GCAGG,,,,,,,,,,,,,,,,,CCTTG
A/duck/Mongolia/665/2010,GCAGG,,,,,,,,,,,,,,,,,CCTTG
A/duck/Mongolia/444/2010,GCAGG,,,,,,,,,,,,,,,,,CCTTG
A/duck/Mongolia/569/2010,GCAGG,,,,,,,,,,,,,,,,,CCTTG
A/duck/Mongolia/278/2011,GCAGG,,,,,,,,,,,,,,,,,CCTTGT
A/duck/Hokkaido/W4/2010,GCAGG,,,,,,,,,,,,,,,,,C
A/duck/Hokkaido/103/2014,GCAGG,,,,,,,,,,,,,,,,,CCTTG
A/duck/Hokkaido/14/2015,GCAGG,,,,,,,,,,,,,,,,,CCTTG
A/duck/Hokkaido/13/2015,GCAGG,,,,,,,,,,,,,,,,,CCTTG
A/duck/Hokkaido/12/2015,GCAGG,,,,,,,,,,,,,,,,,CCTTG
A/duck/Hokkaido/20/2015,GCAGG,,,,,,,,,,,,,,,,,CCTTGT
A/duck/Hokkaido/17/2015,GCAGG,,,,,,,,,,,,,,,,,CCTTGT
A/duck/Mongolia/777/2015,GCAGG,,,,,,,,,,,,,,,,,C
A/duck/Mongolia/876/2019,GCAGG,,,,,,,,,,,,,,,,,C
A/duck/Mongolia/920/2018,GCAGG,,,,,,,,,,,,,,,,,CCTTG
A/swine/Mexico/8630459/2011,GCAGG,,,,,,,,,,,,,,,,,CCTTGTTTCTAC
A/swine/Mexico/7773583/2010,GCAGG,,,,,,,,,,,,,,,,,CCTTGTTTCTAC
A/duck/Mongolia/30/2011,CAGG,,,,,,,,,,,,,,,,,CCTTG
A/duck/Mongolia/62/2013,CAGG,,,,,,,,,,,,,,,,,CCTTG
A/duck/Mongolia/235/2014,CAGG,,,,,,,,,,,,,,,,,CCTTG
A/duck/Mongolia/575/2018,CAGG,,,,,,,,,,,,,,,,,CC
A/swan_goose/Jiangxi/H24/2014,CAGG,,,,,,,,,,,,,,,,,CCTTG
A/swan_goose/Jiangxi/H23/2014,CAGG,,,,,,,,,,,,,,,,,CCTTG
A/duck/Mongolia/521/2015,CAGG,,,,,,,,,,,,,,,,,C
A/duck/Mongolia/MN18-14/2018,CAGG,,,,,,,,,,,,,,,,,C
A/duck/Mongolia/917/2018,CAGG,,,,,,,,,,,,,,,,,CC
A/Wild_duck/South_Korea/KNU2020-134/2020,CAGG,,,,,,,,,,,,,,,,,C
A/Wild_Duck/South_Korea/KNU2020-74/2020,CAGG,,,,,,,,,,,,,,,,,C
A/Spot-billed_duck/South_Korea/KNU2020-105/2020,CAGG,,,,,,,,,,,,,,,,,C
A/Mallard_Anas_platyrhynchos_/South_Korea/NU2019-63/2019,CAGG,,,,,,,,,,,,,,,,,C
A/Mallard_Anas_platyrhynchos_/South_Korea/KNU2019-50/2019,CAGG,,,,,,,,,,,,,,,,,C
A/Green-winged_teal_Anas_crecca_/South_Korea/KNU2019-57/2019,CAGG,,,,,,,,,,,,,,,,,C
A/swine/Brazil/355-11-6/2011,CAGG,,,,,,,,,,,,,,,,,CCTTGTTTCTACT
A/swine/Brazil/231-11-1/2011,CAGG,,,,,,,,,,,,,,,,,CCTTGTTTCTACT
A/swine/Brazil/527-17/2017,CAGG,,,,,,,,,,,,,,,,,CCTTGTTTCTACT
A/swine/Brazil/148-19/2019,CAGG,,,,,,,,,,,,,,,,,CCTTGTTTCTACT
A/swine/Brazil/360-17/2017,CAGG,,,,,,,,,,,,,,,,,CCTTGTTTCTACT
A/swine/Brazil/072-19-1/2019,CAGG,,,,,,,,,,,,,,,,,CCTTGTTTCTACT
A/Duck/Mongolia/2021-MG07/2021,G,,,,,,,,,,,,,,,,,CCTTGTTTCTC
A/Duck/Mongolia/2021-MG12/2021,G,,C,,,,,,,,,,,,,,,CCTTGTTTCTC
A/duck/Mongolia/MN18-13/2018,G,,,,,,,,,,,,,,,,,CCTTGTTTTTAC
A/duck/Shanghai/74-1/2009,G,,,,,,,,,,,,,,,,,CCTTGTTTCTAC
A/mallard/Alberta/328/2017,GCAAAAGCAGG,,,,,,,,,,,,,,,,,CCTTGTTTCTAC
A/duck/Mongolia/208/2015,GCAAAAGCAGG,,,,,,,,,,,,,,,,,CCTTG
A/duck/Mongolia/30/2015,GCAAAAGCAGG,,,,,,,,,,,,,,,,,CCTTGTTTCTCT
A/duck/Hebei/B1647-1/2011,GCAAAAGCAGG,,,,,,,,,,,,,,,,,
A/swine/Oedenrode/7c/1996,GCAAAAGCAGG,,,,,,,,,,,,,,,,,
A/chicken/Laos/A0573/2007,AT,,,TTAAGCTGCATTTTCTGTCTGGCCTTCGGTCAGGACCTTCC,,,,,,,,,,,,,,
A/duck/Mongolia/199/2015,AGAGGCAGG,,,,,,,,,,,,,,,,,CCTTG
A/duck/Mongolia/918/2018,AGCAGG,,,,,,,,,,,,,,,,,CC
A/duck/Mongolia/906/2018,AGCAGG,,,,,,,,,,,,,,,,,CCTT
A/equine/Chile/EQCL003/2018,AGCAGG,,T,,,,,,,CCCAATC,,,,,,,,CCTTGTTTCTACT
A/Mallard_Anas_platyrhynchos_/South_Korea/KNU2019-53/2019,AGCATAAAGCAGG,,,,,,,,,,,,,,,,,CCGTGTTTTTACGT
A/duck/South_Africa/1108/2004,AGCAAAAGTAGG,,,,,,,,,,,,,,,,,CCTTGTTTCT
A/chicken/Pakistan/NARC-16945/2010,TTCGAGCAAAAGCAGG,,,,,,,,,,,,,,,,,CCTTGTTTCTACTTATAGT
A/duck/Hubei/ZYSYF12/2015,ACAAAGCAG,,,,,,,,,,,,,,,,,CCTTGTTTCTACTAT
A/duck/Hubei/ZYSYF18/2015,AGACAAAGCAG,,,,,,,,,,,,,,,,,CCTTGTTTCTACTAT
A/pigeon/Anhui/08/2013,TAGGGAGCAAAAGCAGG,,,,,,,,,,,,,,,,,CCTTGTTTCTACTAATACA
A/canine/Ohio/188191/2017,AGCAAAGCAGG,,,,,,,,,,,,,,,,,CCTTGTTTCTACT
A/Equus_ferus_caballus/USA/82889/2019,AGCAAAGCAGG,,T,,,,,,,CCCAATC,,,,,,,,CCTTGTTTCTACT
A/Equus_ferus_caballus/USA/48519/2019,AGCAAAGCAGG,,T,,,,,,,CCCAATC,,,,,,,,CCTTGTTTCTACT
A/Equus_ferus_caballus/USA/72778/2019,AGCAAAGCAGG,,T,,,,,,,CCCAATC,,,,,,,,CCTTGTTTCTACT
A/Equus_ferus_caballus/USA/176576/2019,AGCAAAGCAGG,,T,,,,,,,CCCAATC,,,,,,,,CCTTGTTTCTACT
A/Equus_ferus_caballus/USA/53954/2019,AGCAAAGCAGG,,T,,,,,,,CCCAATC,,,,,,,,CCTTGTTTCTACT
A/Equus_ferus_caballus/USA/51053/2019,AGCAAAGCAGG,,T,,,,,,,CCCAATC,,,,,,,,CCTTGTTTCTACT
A/Equus_ferus_caballus/USA/218776/2018,AGCAAAGCAGG,,T,,,,,,,CCCAATC,,,,,,,,CCTTGTTTCTACT
A/swine/Leipzig/145/92,AGCAAATGCAGG,,,,,,,,,,,,,,,,,
A/swine/Italy/66945/2006,TCAGGGAGCAAAAGCAGG,,,,,,,,,,,,,,,,,
A/swine/Bakum/8602/99,AGCGAATGCAGG,,,,,,,,,,,,,,,,,
A/swine/Lohne/1/97,AGCGAATGCAGG,,,,,,,,,,,,,,,,,
A/swine/Henan/1/2010,TATTCGTCTCAGGGAGCAAAAGCAGG,,,,,,,,,,,,,,,,,CCTTGTTTCTACTAATACGAGACGATAT
A/Anas_strepera/Arizona/A00271503/2009,TATTCGTCTCAGGGAGCAAAAGCAGG,,,,,,,,,,,,,,,,,
A/swine/Ontario/00130/97,ACTATCACTGCTTTGAGCACTATCA,,,,,,,,,,,,,,,,,
A/swine/HuNan/01/2008,GGCCAGTGCAAAAGCAGG,,,,,,,,,,,,,,,,,CCTTGTTTCTACT
A/swine/Minnesota/1300/2007,AGCGAAAGCAGG,,,,,,,,,,,,,,,,,CCTTGTTTCTACT
A/swine/Minnesota/1145/2007,AGCGAAAGCAGG,,,,,,,,,,,,,,,,,CCTTGTTTCTACT
A/swine/Minnesota/66853/2006,AGCGAAAGCAGG,,,,,,,,,,,,,,,,,CCTTGTTTCTACT
A/swine/Minnesota/578/2007,AGCGAAAGCAGG,,,,,,,,,,,,,,,,,CCTTGTTTCTACT
A/swine/Minnesota/66960/2006,AGCGAAAGCAGG,,,,,,,,,,,,,,,,,CCTTGTTTCTACT
A/swine/Minnesota/65767/2006,AGCGAAAGCAGG,,,,,,,,,,,,,,,,,CCTTGTTTCTACT
A/swine/Minnesota/7931/2007,AGCGAAAGCAGG,,,,,,,,,,,,,,,,,CCTTGTTTCTACT
A/swine/Mexico/AVX60/2013,AGCGAAAGCAGG,,,,,,,,,,,,,,,,,CCTTGTTTCTACT
A/swine/Mexico/AVX57/2013,AGCGAAAGCAGG,,,,,,,,,,,,,,,,,CCTTGTTTCTACT
A/swine/Mexico/AVX28/2012,AGCGAAAGCAGG,,,,,,,,,,,,,,,,,CCTTGTTTCTACT
A/swine/South_Dakota/MT_12_07_1566/2012,AGCGAAAGCAGG,,,,,,,,,,,,,,,,,CCTTGTTTCTACT
A/swine/South_Dakota/MT_12_07_2018/2012,AGCGAAAGCAGG,,,,,,,,,,,,,,,,,CCTTGTTTCTACT
A/swine/Mexico/AVX26/2012,AGCGAAAGCAGG,,,,,,,,,,,,,,,,,CCTTGTTTCTACT
A/swine/Mexico/AVX20/2012,AGCGAAAGCAGG,,,,,,,,,,,,,,,,,CCTTGTTTCTACT
A/swine/Mexico/AVX53/2013,AGCGAAAGCAGG,,,,,,,,,,,,,,,,,CCTTGTTTCTACT
A/swine/Mexico/AVX33/2012,AGCGAAAGCAGG,,,,,,,,,,,,,,,,,CCTTGTTTCTACT
A/swine/Mexico/AVX34/2012,AGCGAAAGCAGG,,,,,,,,,,,,,,,,,CCTTGTTTCTACT
A/swine/Mexico/AVX32/2012,AGCGAAAGCAGG,,,,,,,,,,,,,,,,,CCTTGTTTCTACT
A/swine/Brazil/043-19/2019,AGCGAAAGCAGG,,,,,,,,,,,,,,,,,CCTTGTTTCTACT
A/swine/Mexico/AVX64/2014,AGCGAAAGCAGG,,,,,,,,,,,,,,,,,CCTTGTTTCTACT
A/Equus_caballus/Ulaanbaatar/1203/2013,AGCGAAAGCAGG,,T,,TTATTT,,,,,CCCAATC,,,,,,,,CCTTGTTTCTACT
A/equine/California/CRP419/2019,AGCGAAAGCAGG,,T,,,,,,,CCCAATC,,,,,,,,CCTTGTTTCTACT
A/equine/California/CRP340/2019,AGCGAAAGCAGG,,T,,,,,,,CCCAATA,,,,,,,,CCTTGTTTCTACT
A/equine/New_York/036952/2020,AGCGAAAGCAGG,,T,,,,,,,CCCAATA,,,,,,,,CCTTGTTTCTACT
A/equine/New_York/034924/2020,AGCGAAAGCAGG,,T,,,,,,,CCCAATA,,,,,,,,CCTTGTTTCTACT
A/swine/Mexico/9890611/2013,CGCAGG,,,,,,,,,,,,,,,,,CCTTGTTTCTAC
A/swine/Mexico/8630638/2011,GC,,,,,,,,,,,,,,,,,CCTTGTTTCTAC
A/camel/Mongolia/335/2012,,,T,,TTATTT,,,,,CCCAATC,,,,,,,,
A/equine/Yokohama/aq5/2011,,,T,,,,,,,CCCAATC,,,,,,,,
A/equine/New_Market/1/1979,,,T,,,,,,,CCCAACC,,,,,,,,
A/equine/Idaho/37875/1991,,,T,,,,,,,CCCAACC,,,,,,,,
A/equine/Rook/93753/1989,,,T,,,,,,,CCCAACC,,,,,,,,
A/equine/Meath/1/2014,,,,,TTATTT,,,,,CCCAATC,,,,,,,,
A/equine/Kilkenny/1/2015,,,,,TTATTT,,,,,CCCAATC,,,,,,,,
A/equine/Meath/4/2014,,,,,TTATTT,,,,,CCCAATC,,,,,,,,
A/equine/Clare/2/2014,,,,,TTATTT,,,,,CCCAATC,,,,,,,,
A/equine/Kildare/1/2014,,,,,TTATTT,,,,,CCCAATC,,,,,,,,
A/equine/Tipperary/3/2014,,,,,TTATTT,,,,,CCCAATC,,,,,,,,
A/equine/Clare/1/2014,,,,,TTATTT,,,,,CCCAATC,,,,,,,,
A/equine/Kilkenny/4/2014,,,,,TTATTT,,,,,CCCAATC,,,,,,,,
A/equine/Tipperary/1/2014,,,,,TTATTT,,,,,CCCAATC,,,,,,,,
A/equine/Louth/0/2014,,,,,TTATTT,,,,,CCCAATC,,,,,,,,
A/equine/Wexford/0/2014,,,,,TTATTT,,,,,CCCAATC,,,,,,,,
A/equine/Almaty/26/2007,,,,,TTATTT,,,,,CCCAATC,,,,,,,,
A/equine/Pulawy/1/2008,,,,,TTATTT,,,,,CCCAATC,,,,,,,,
A/equine/Meath/1/2007,,,,,TTATTT,,,,,CCCAATC,,,,,,,,
A/equine/Tiaret/3/2011,,,,,TTATTT,,,,,CCCAATC,,,,,,,,
A/equine/Tiaret/4/2011,,,,,TTATTT,,,,,CCCAATC,,,,,,,,
A/equine/Tiaret/7/2011,,,,,TTATTT,,,,,CCCAATC,,,,,,,,
A/equine/Tiaret/8/2011,,,,,TTATTT,,,,,CCCAATC,,,,,,,,
A/equine/Tiaret/9/2011,,,,,TTATTT,,,,,CCCAATC,,,,,,,,
A/equine/Tiaret/6/2011,,,,,TTATTT,,,,,CCCAATC,,,,,,,,
A/equine/Tiaret/10/2011,,,,,TTATTT,,,,,CCCAATC,,,,,,,,
A/equine/Tiaret/5/2011,,,,,TTATTT,,,,,CCCAATC,,,,,,,,
A/equine/Tiaret/1/2011,,,,,TTATTT,,,,,CCCAATC,,,,,,,,
A/equine/Matybulak/10/2012,,,,,TTATTT,,,,,CCCAATC,,,,,,,,
A/Equus_caballus/Arkhangai/1/2007,,,,,TTATTT,,,,,CCCAATC,,,,,,,,
A/equine/Mongolia/6/2011,,,,,TTATTT,,,,,CCCAATC,,,,,,,,
A/equine/South_Kazakhstan/236/2012,,,,,TTATTT,,,,,CCCAATC,,,,,,,,
A/Equus_caballus/Tuv/4/2007,,,,,TTATTT,,,,,CCCAATC,,,,,,,,
A/equine/Mongolia/3/2011,,,,,TTATTT,,,,,CCCAATC,,,,,,,,
A/equine/Mongolia/56/2011,,,,,TTATTT,,,,,CCCAATC,,,,,,,,
A/equine/Mongolia/3/2013,,,,,TTATTT,,,,,CCCAATC,,,,,,,,
A/donkey/Shandong/1/2017,,,,,TTATTT,,,,,CCCAATC,,,,,,,,
A/equine/Ahmedabad/1/2009,,,,,TTATTT,,,,,CCCAATC,,,,,,,,
A/Equus_caballus/Ulaanbaatar/1201/2013,,,,,TTCTTT,,,,,CCCAATC,,,,,,,,
A/duck/Thailand/AY-354/2008,,,,,,TTG,,,,,,,,,,,,CCTTGTTTCTACTCC
A/mallard/Alberta/15/2015,,,,,,,TC,A,,,,,,,,,,
A/ruddy_turnstone/Delaware_Bay/324/2005,,,,,,,,,AT,A,,,,,,,,
A/pintail/Alberta/105/1991,,,,,,,,,,AAC,,,,,,,,
A/equine/Ain/1/2014,,,,,,,,,,CCCAATC,,,,,,,,
A/equine/Gironde/1/2014,,,,,,,,,,CCCAATC,,,,,,,,
A/equine/Cambremer/1/2012,,,,,,,,,,CCCAATC,,,,,,,,
A/equine/Neuville-Pres-Sees/1/2011,,,,,,,,,,CCCAATC,,,,,,,,
A/equine/Cagnes-sur-Mer/2/2011,,,,,,,,,,CCCAATC,,,,,,,,
A/Equus_caballus/Ulaanbaatar/5/2011,,,,,,,,,,CCCAATC,,,,,,,,
A/Equus_caballus/Ulaanbaatar/4/2011,,,,,,,,,,CCCAATC,,,,,,,,
A/Equus_caballus/Ulaanbaatar/2/2011,,,,,,,,,,CCCAATC,,,,,,,,
A/donkey/Xinjiang/5/2007,,,,,,,,,,CCCAATC,,,,,,,,
A/equine/Xinjiang/1/2007,,,,,,,,,,CCCAATC,,,,,,,,
A/equine/Xinjiang/2/2007,,,,,,,,,,CCCAATC,,,,,,,,
A/equine/Heilongjiang/10/2008,,,,,,,,,,CCCAATC,,,,,,,,
A/equine/Xinjiang/4/2007,,,,,,,,,,CCCAATC,,,,,,,,
A/equine/Jouars/4/2006,,,,,,,,,,CCCAATC,,,,,,,,
A/equine/Saone-et-Loire/1/2015,,,,,,,,,,CCCAATC,,,,,,,,
A/equine/Sydney/6085/2007,,,,,,,,,,CCCAATC,,,,,,,,
A/canine/Sydney/6692/2007,,,,,,,,,,CCCAATC,,,,,,,,
A/canine/Sydney/6525/2007,,,,,,,,,,CCCAATC,,,,,,,,
A/equine/Ibaraki/1/07,,,,,,,,,,CCCAATC,,,,,,,,
A/equine/Kanazawa/1/2007,,,,,,,,,,CCCAATC,,,,,,,,
A/equine/Grosbois/13/2009,,,,,,,,,,CCCAATC,,,,,,,,
A/equine/Belfond/6-2/2009,,,,,,,,,,CCCAATC,,,,,,,,
A/equine/Sao_Paulo/25.FMVZ/2015,,,,,,,,,,CCCAATC,,,,,,,,
A/equine/Sao_Paulo/15.FMVZ/2015,,,,,,,,,,CCCAATC,,,,,,,,
A/equine/Sao_Paulo/12.FMVZ/2015,,,,,,,,,,CCCAATC,,,,,,,,
A/equine/Sao_Paulo/11.FMVZ/2015,,,,,,,,,,CCCAATC,,,,,,,,
A/equine/Sao_Paulo/10.FMVZ/2015,,,,,,,,,,CCCAATC,,,,,,,,
A/equine/Sao_Paulo/8.FMVZ/2015,,,,,,,,,,CCCAATC,,,,,,,,
A/equine/Sao_Paulo/32.FMVZ/2015,,,,,,,,,,CCCAATC,,,,,,,,
A/equine/OR/78356/2012,,,,,,,,,,CCCAATC,,,,,,,,
A/equine/Argentina/E2397-3/2012,,,,,,,,,,CCCAATC,,,,,,,,
A/equine/Argentina/E3146-1/2012,,,,,,,,,,CCCAATC,,,,,,,,
A/equine/Argentina/E2397-2/2012,,,,,,,,,,CCCAATC,,,,,,,,
A/equine/Argentina/E2357/2012,,,,,,,,,,CCCAATC,,,,,,,,
A/equine/Sao_Paulo/1.19/2012,,,,,,,,,,CCCAATC,,,,,,,,
A/equine/Uruguay/E1918-1/2012,,,,,,,,,,CCCAATC,,,,,,,,
A/equine/Argentina/E2345-1/2012,,,,,,,,,,CCCAATC,,,,,,,,
A/equine/Argentina/E2345-5/2012,,,,,,,,,,CCCAATC,,,,,,,,
A/equine/Yokohama/aq100/2017,,,,,,,,,,CCCAATC,,,,,,,,
A/equine/Malaysia/M201-1/2015,,,,,,,,,,CCCAATC,,,,,,,,
A/equine/Malaysia/M201-2/2015,,,,,,,,,,CCCAATC,,,,,,,,
A/equine/Malaysia/1/2015,,,,,,,,,,CCCAATC,,,,,,,,
A/equine/Tennessee/29A/2014,,,,,,,,,,CCCAATC,,,,,,,,CCTTG
A/equine/Yokohama/aq19/2009,,,,,,,,,,CCCAATC,,,,,,,,
A/equine/South_Africa/4/2003,,,,,,,,,,CCCAATC,,,,,,,,
A/equine/Colorado/10/2007,,,,,,,,,,CCCAATC,,,,,,,,
A/equine/Lincolnshire/1/2007,,,,,,,,,,CCCAATC,,,,,,,,
A/equine/Florida/612/2004,,,,,,,,,,CCCAATC,,,,,,,,
A/equine/Texas/117793/2005,,,,,,,,,,CCCAATC,,,,,,,,
A/equine/Ohio/113461-2/2005,,,,,,,,,,CCCAATC,,,,,,,,
A/equine/Ohio/113461-1/2005,,,,,,,,,,CCCAATC,,,,,,,,
A/equine/Ohio/113461-3/2005,,,,,,,,,,CCCAATC,,,,,,,,
A/equine/Guelph/G04-54701/2004,,,,,,,,,,CCCAATC,,,,,,,,
A/equine/Wisconsin/1/03,,,,,,,,,,CCCAATC,,,,,,,,
A/equine/Guelph/G03-55399/2003,,,,,,,,,,CCCAATC,,,,,,,,
A/equine/Guelph/G03-0250/2003,,,,,,,,,,CCCAATC,,,,,,,,
A/canine/Florida/242/2003,,,,,,,,,,CCCAATC,,,,,,,,
A/canine/Colorado/3/2006,,,,,,,,,,CCCAATC,,,,,,,,
A/canine/Colorado/224766/2006,,,,,,,,,,CCCAATC,,,,,,,,
A/canine/Colorado/224986/2006,,,,,,,,,,CCCAATC,,,,,,,,
A/canine/Colorado/8880/2006,,,,,,,,,,CCCAATC,,,,,,,,
A/canine/California/70645-4/2006,,,,,,,,,,CCCAATC,,,,,,,,
A/canine/New_York/5183-6/2006,,,,,,,,,,CCCAATC,,,,,,,,
A/canine/New_York/115809/2005,,,,,,,,,,CCCAATC,,,,,,,,
A/canine/Colorado/30604/2006,,,,,,,,,,CCCAATC,,,,,,,,CCTTGTTTCTACT
A/canine/Wyoming/86033/2007,,,,,,,,,,CCCAATC,,,,,,,,
A/canine/Colorado/231256/2007,,,,,,,,,,CCCAATC,,,,,,,,
A/canine/Colorado/2025974/2007,,,,,,,,,,CCCAATC,,,,,,,,
A/canine/Wyoming/86955/2007,,,,,,,,,,CCCAATC,,,,,,,,
A/canine/Colorado/861142/2010,,,,,,,,,,CCCAATC,,,,,,,,
A/canine/Colorado/866907/2010,,,,,,,,,,CCCAATC,,,,,,,,
A/canine/Colorado/861997/2010,,,,,,,,,,CCCAATC,,,,,,,,
A/canine/Colorado/863160/2010,,,,,,,,,,CCCAATC,,,,,,,,
A/canine/Colorado/884753/2010,,,,,,,,,,CCCAATC,,,,,,,,
A/canine/Colorado/850078/2009,,,,,,,,,,CCCAATC,,,,,,,,
A/canine/Colorado/234550/2009,,,,,,,,,,CCCAATC,,,,,,,,
A/canine/Pennsylvania/10909/2007,,,,,,,,,,CCCAATC,,,,,,,,
A/canine/Pennsylvania/10915/2007,,,,,,,,,,CCCAATC,,,,,,,,
A/canine/Florida/78592-2/2006,,,,,,,,,,CCCAATC,,,,,,,,
A/canine/Florida/78592-6/2006,,,,,,,,,,CCCAATC,,,,,,,,
A/canine/Florida/89911-2/2006,,,,,,,,,,CCCAATC,,,,,,,,
A/canine/Iowa/13628/2005,,,,,,,,,,CCCAATC,,,,,,,,
A/equine/Newmarket/5/2003,,,,,,,,,,CCCAATC,,,,,,,,
A/equine/Kentucky/1/1999,,,,,,,,,,CCCAATC,,,,,,,,
A/equine/Guelph/06-28865/2006,,,,,,,,,,CCCAATC,,,,,,,,
A/canine/South_Carolina/89215/2009,,,,,,,,,,CCCAATC,,,,,,,,
A/canine/New_York/13693247/2011,,,,,,,,,,CCCAATC,,,,,,,,
A/canine/New_York/3821631/2011,,,,,,,,,,CCCAATC,,,,,,,,
A/canine/New_York/13258337/2011,,,,,,,,,,CCCAATC,,,,,,,,
A/canine/New_York/13949315/2011,,,,,,,,,,CCCAATC,,,,,,,,
A/canine/New_York/13454104/2011,,,,,,,,,,CCCAATC,,,,,,,,
A/canine/New_York/13752393/2011,,,,,,,,,,CCCAATC,,,,,,,,
A/canine/New_York/13949306/2011,,,,,,,,,,CCCAATC,,,,,,,,
A/canine/New_York/13889381/2011,,,,,,,,,,CCCAATC,,,,,,,,
A/canine/New_York/12370090/2011,,,,,,,,,,CCCAATC,,,,,,,,
A/canine/New_York/6977983/2010,,,,,,,,,,CCCAATC,,,,,,,,
A/canine/NY/159903/2012,,,,,,,,,,CCCAATC,,,,,,,,
A/canine/VT/11039/2013,,,,,,,,,,CCCAATC,,,,,,,,
A/canine/VT/2782/2013,,,,,,,,,,CCCAATC,,,,,,,,
A/canine/NY/120106.2/2011,,,,,,,,,,CCCAATC,,,,,,,,
A/canine/NY/3699/2010,,,,,,,,,,CCCAATC,,,,,,,,
A/canine/NY/1623.1/2010,,,,,,,,,,CCCAATC,,,,,,,,
A/canine/PA/27637.3/2010,,,,,,,,,,CCCAATC,,,,,,,,
A/canine/PA/96978/2009,,,,,,,,,,CCCAATC,,,,,,,,
A/canine/PA/111788.2/2009,,,,,,,,,,CCCAATC,,,,,,,,
A/canine/PA/33225.4/2010,,,,,,,,,,CCCAATC,,,,,,,,
A/canine/Florida/43/2004,,,,,,,,,,CCCAATC,,,,,,,,
A/equine/New_York/VR-297/1983,,,,,,,,,,CCCAATC,,,,,,,,
A/equine/Chantilly/1/1975,,,,,,,,,,CCCAATC,,,,,,,,
A/equine/New_York/1/1975,,,,,,,,,,CCCAATC,,,,,,,,
A/equine/Italy/824/1991,,,,,,,,,,CCCAATC,,,,,,,,
A/equine/Cagnes-sur-Mer/2/2000,,,,,,,,,,CCCAATC,,,,,,,,
A/equine/Grosbois/2/1999,,,,,,,,,,CCCAATC,,,,,,,,
A/equine/Grosbois/1/2003,,,,,,,,,,CCCAATC,,,,,,,,
A/equine/Sachiyama/1/1971,,,,,,,,,,CCCAATC,,,,,,,,
A/equine/Sao_Paulo/1/1969,,,,,,,,,,CCCAATC,,,,,,,,
A/yellow-billed_pintail/Chile/C2014/2015,,,,,,,,,,CCCAATC,,,,,,,,
A/yellow-billed_pintail/Chile/C34473/2017,,,,,,,,,,CCCAATC,,,,,,,,
A/yellow-billed_pintail/Chile/C30974/2017,,,,,,,,,,CCCAATC,,,,,,,,
A/equine/Mysore/1/2008,,,,,,,,,,GCCAATC,,,,,,,,
A/equine/Carlow/1/2009,,,,,,,,,,ACCAATC,,,,,,,,
A/equine/Grosbois/1/1997,,,,,,,,,,CCCAACC,,,,,,,,
A/equine/Grosbois/1/1993,,,,,,,,,,CCCAACC,,,,,,,,
A/equine/Grosbois/1/1984,,,,,,,,,,CCCAACC,,,,,,,,
A/equine/Bordeaux/1/1983,,,,,,,,,,CCCAACC,,,,,,,,
A/equine/Blois/1/1983,,,,,,,,,,CCCAACC,,,,,,,,
A/equine/France/1/1991,,,,,,,,,,CCCAACC,,,,,,,,
A/equine/Fontainebleau/1/1983,,,,,,,,,,CCCAACC,,,,,,,,
A/equine/Marseille/1/1979,,,,,,,,,,CCCAACC,,,,,,,,
A/equine/Romania/1/1980,,,,,,,,,,CCCAACC,,,,,,,,
A/equine/New_Market/nasalwash1/1979,,,,,,,,,,CCCAACC,,,,,,,,
A/equine/Fontainebleau/1/1979,,,,,,,,,,CCCAACC,,,,,,,,
A/equine/Kentucky/1/1978,,,,,,,,,,CCCAACC,,,,,,,,
A/equine/Kentucky/Rosie100/1981,,,,,,,,,,CCCAACC,,,,,,,,
A/equine/Kentucky/4/1980,,,,,,,,,,CCCAACC,,,,,,,,
A/equine/California/1/1980,,,,,,,,,,CCCAACC,,,,,,,,
A/equine/Kentucky/2/1981,,,,,,,,,,CCCAACC,,,,,,,,
A/equine/Grosbois/1/1999,,,,,,,,,,CCCAACC,,,,,,,,
A/equine/Argentina/E4581-3/2004,,,,,,,,,,CCCAACC,,,,,,,,
A/equine/Argentina/E1134-7/2001,,,,,,,,,,CCCAACC,,,,,,,,
A/equine/Argentina/E750/1999,,,,,,,,,,CCCAACC,,,,,,,,
A/equine/Argentina/E652/1999,,,,,,,,,,CCCAACC,,,,,,,,
A/equine/Argentina/E433/1997,,,,,,,,,,CCCAACC,,,,,,,,
A/equine/Lonquen/1/2006,,,,,,,,,,CCCAACC,,,,,,,,
A/equine/Argentina/E6424-1/2005,,,,,,,,,,CCCAACC,,,,,,,,
A/equine/Argentina/E6424-2/2005,,,,,,,,,,CCCAACC,,,,,,,,
A/equine/Argentina/E6189-3/2005,,,,,,,,,,CCCAACC,,,,,,,,
A/equine/California/4537/1997,,,,,,,,,,CCCAACC,,,,,,,,
A/equine/Alaska/29759/1991,,,,,,,,,,CCCAACC,,,,,,,,
A/equine/Texas/39655/1991,,,,,,,,,,CCCAACC,,,,,,,,
A/equine/Kentucky/1277/1990,,,,,,,,,,CCCAACC,,,,,,,,
A/equine/Kentucky/8/1994,,,,,,,,,,CCCAACC,,,,,,,,
A/equine/Rome/5/1991,,,,,,,,,,CCCAACC,,,,,,,,
A/equine/Berlin/1/1989,,,,,,,,,,CCCAACC,,,,,,,,
A/equine/Suffolk/89,,,,,,,,,,CCCAACC,,,,,,,,CCTTGTTTCTACT
A/equine/France/3/1985,,,,,,,,,,CCCAACC,,,,,,,,
A/equine/Kentucky/211/1987,,,,,,,,,,CCCAACC,,,,,,,,
A/equine/Kentucky/1/1986,,,,,,,,,,CCCAACC,,,,,,,,
A/equine/Kentucky/2/1987,,,,,,,,,,CCCAACC,,,,,,,,
A/equine/France/1/1985,,,,,,,,,,CCCAACC,,,,,,,,
A/equine/France/2/1985,,,,,,,,,,CCCAACC,,,,,,,,
A/equine/France/1/1987,,,,,,,,,,CCCAACC,,,,,,,,
A/equine/France/1/1986,,,,,,,,,,CCCAACC,,,,,,,,
A/equine/Cordoba/18/1985,,,,,,,,,,CCCAACC,,,,,,,,
A/equine/Santa_Fe/1/1985,,,,,,,,,,CCCAACC,,,,,,,,
A/equine/Argentina/E37-18/1993,,,,,,,,,,TCCAACC,,,,,,,,
A/equine/Argentina/E41-2/1993,,,,,,,,,,TCCAACC,,,,,,,,
A/equine/Argentina/E37-2/1993,,,,,,,,,,TCCAACC,,,,,,,,
A/equine/Argentina/E131/1994,,,,,,,,,,TCCAACC,,,,,,,,
A/equine/Argentina/E226/1995,,,,,,,,,,TCCAACC,,,,,,,,
A/equine/France/1/1973,,,,,,,,,,CCCAATT,,,,,,,,
A/equine/Algiers/1/1972,,,,,,,,,,CCCAATT,,,,,,,,
A/red-gartered_coot/Chile/C16030/2016,,,,,,,,,,CACAATC,,,,,,,,
A/swine/Spain/35944/2012,,,,,,,,,,,AAC,,,,,,,
A/ruddy_turnstone/Delaware_Bay/160/2005,,,,,,,,,,,,,CAAT,,,,,
A/psittacine/Italy/2873/2000,,,,,,,,,,,,,,G,,,,
A/swine/Mexico/9741876/2013,,,,,,,,,,,,,,,ACATTC,,,
A/snow_goose/Mongolia/1-44/2008,,,,,,,,,,,,,,,,C,,
A/swine/Italy/297576/2004,,,,,,,,,,,,,,,,,TTGCTTCTGGGTTGAACTAATCAGAGGGAGACCCAAAGAGAACACAATCTGGACTAGCGGGAGCAGCATATCCTTTTGTGGTGTAAATAGTGACACTGTGGATTGGTCTTGGCCAGACGGTGCTGAGTTGCCATTTACC,
A/greater_white-fronted_goose/Alaska/44299-054/2007,,,,,,,,,,,,,,,,,,CCTTGTTTCTACT
A/duck/Moscow/4494/2011,,,,,,,,,,,,,,,,,,CCTTGTTTCTACT
A/chicken/Ganzhou/GZ43/2016,,,,,,,,,,,,,,,,,,CCTTGTTTCTACT
A/chicken/Ganzhou/GZ157/2016,,,,,,,,,,,,,,,,,,CCTTGTTTCTACT
A/swine/North_Carolina/2003,,,,,,,,,,,,,,,,,,CCTTGTTTCTACT
A/turkey/BC/1529-3/2005,,,,,,,,,,,,,,,,,,CCTTGTTTCTACT
A/swine/QC/2108-2/2009,,,,,,,,,,,,,,,,,,CCTTGTTTCTACT
A/swine/QC/414/2009,,,,,,,,,,,,,,,,,,CCTTGTTTCTACT
A/swine/QC/382/2009,,,,,,,,,,,,,,,,,,CCTTGTTTCTACT
A/swine/QC/1698-5/2009,,,,,,,,,,,,,,,,,,CCTTGTTTCTACT
A/swine/QC/1698-1/2009,,,,,,,,,,,,,,,,,,CCTTGTTTCTACT
A/swine/QC/1840-2/2009,,,,,,,,,,,,,,,,,,CCTTGTTTCTACT
A/swine/QC/1685-5/2009,,,,,,,,,,,,,,,,,,CCTTGTTTCTACT
A/swine/QC/1685-1/2009,,,,,,,,,,,,,,,,,,CCTTGTTTCTACT
A/quail/QC/FAV-10/2008,,,,,,,,,,,,,,,,,,CCTTGTTTCTACT
A/swine/QC/440-A/2009,,,,,,,,,,,,,,,,,,CCTTGTTTCTACT
A/swine/Tochigi/14/2013,,,,,,,,,,,,,,,,,,CCTTGTTTCTACT
A/Steller's_eider/Alaska/44354-352/2007,,,,,,,,,,,,,,,,,,CCTTGTTTCT
A/ruddy_turnstone/Delaware_Bay/596/2017,,,,,,,,,,,,,,,,,,CCTTGTTTCTAC
A/swine/Mexico/9783350/2013,,,,,,,,,,,,,,,,,,CCTTGTTTCTAC
A/swine/Mexico/10499819/2014,,,,,,,,,,,,,,,,,,CCTTGTTTCTAC
A/northern_shoveler/Minnesota/Sg-00653/2008,,,,,,,,,,,,,,,,,,CCTTGTT
A/mallard/Minnesota/Sg-00751/2008,,,,,,,,,,,,,,,,,,CCTTGTT
A/northern_shoveler/Minnesota/Sg-00661/2008,,,,,,,,,,,,,,,,,,CC
A/northern_shoveler/Minnesota/Sg-00664/2008,,,,,,,,,,,,,,,,,,CCT
A/mallard/Minnesota/Sg-00765/2008,,,,,,,,,,,,,,,,,,CCTTGTTTCTA
A/mallard/Minnesota/Sg-00164/2007,,,,,,,,,,,,,,,,,,CCTTGTTTCTA
A/American_green-winged_teal/Alaska/44493-579/2009,,,,,,,,,,,,,,,,,,CCTTGTTTCTA
A/mallard/Minnesota/Sg-00687/2008,,,,,,,,,,,,,,,,,,C
A/duck/Mongolia/513/2018,,,,,,,,,,,,,,,,,,C
A/swine/Illinois/02907/2009,,,,,,,,,,,,,,,,,,C
A/duck/Hubei/ZYSYF2/2015,,,,,,,,,,,,,,,,,,CCTTGTTTCTACTAAA
A/duck/Hubei/ZYSYF9/2015,,,,,,,,,,,,,,,,,,CCTTGTTTCTACTAAA
A/duck/Hubei/ZYSYF21/2015,,,,,,,,,,,,,,,,,,CCTTGTTTC
A/mallard/Netherlands/3/2005,,,,,,,,,,,,,,,,,,CCTTGTTTC
A/swine/Belgium/Gent-82/2020,,,,,,,,,,,,,,,,,,CCTTGTTTC
A/swine/Zambia/51/2018,,,,,,,,,,,,,,,,,,GGGTGTTTTTAATTAATGCACTCAAATGC
