strain,insertion: 28bp @ ref pos 0,insertion: 1bp @ ref pos 2163,insertion: 1bp @ ref pos 2169,insertion: 1bp @ ref pos 2170,insertion: 1bp @ ref pos 2199,insertion: 1bp @ ref pos 2203,insertion: 48bp @ ref pos 2208
A/American_green-winged_teal/Alaska/44155-169/2006,GAAAGCAGG,,,,,,CCTTGTTTCTACT
A/duck/Vietnam/LBM553/2013,GAAAGCAGG,,,,,,
A/American_green-winged_teal/Alaska/44419-209/2008,GAAAGCAGG,,,,,,CCTTGT
A/northern_pintail/Alaska/44500-075/2009,GAAAGCAGG,,,,,,CCTTGTT
A/northern_pintail/Alaska/44500-089/2009,GAAAGCAGG,,,,,,CCTTGTTTCTACT
A/American_black_duck/New_Brunswick/19350/2006,CGAAAGCAGG,,,,,,CCTTGT
A/Duck/Mongolia/2021-MG03/2021,CGAAAGCAGG,,,,,,CCTTGTTTTGGACT
A/Duck/Mongolia/2021-MG05/2021,CGAAAGCAGG,,,,,,CCTTGTTTGG
A/American_Green-Winged_Teal/Alaska/19TL00145/2019,AGCAAAAGCAGG,,,,,,CCTTGTTTCTACT
A/American_Green-winged_Teal/17OS4133/2017,AGCAAAAGCAGG,,,,,,
A/Mallard/Pennsylvania/AH0119445S.3.A/2017,AGCAAAAGCAGG,,,,,,CCTTGTTTCTACT
A/Mallard/North_Dakota/AH0037693S.3.A/2015,AGCAAAAGCAGG,,,,,,CCTTGTTTCTACT
A/mallard_duck/Ohio/16OS4983/2016,AGCAAAAGCAGG,,,,,,CCTTGTTTCTA
A/Mallard/South_Dakota/AH0015002S.3.A/2015,AGCAAAAGCAGG,,,,,,CCTTGTTTCTACT
A/mallard/California/UCD101475mdck/2016,AGCAAAAGCAGG,,,,,,CCTTGTTTCTACT
A/mallard/California/M11t72maH3/2018,AGCAAAAGCAGG,,,,,,CCTTGTTTCTACT
A/American_Green-winged_Teal/North_Dakota/AH0003568S.3.A/2015,AGCAAAAGCAGG,,,,,,CCTTGTTTCTACT
A/duck/Hokkaido/8/1980,AGCAAAAGCAGG,,,,,,CCTTGTTTCTACT
A/canine/Georgia/89750.1/2017,AGCAAAAGCAGG,,,,,,CCTTGTTTCTACT
A/canine/Georgia/20170606-19/2017,AGCAAAAGCAGG,,,,,,CCTTGTTTCTACT
A/canine/Florida/88807.2/2017,AGCAAAAGCAGG,,,,,,CCTTGTTTCTACT
A/canine/California/84315/2017,AGCAAAAGCAGG,,,,,,CCTTGTTTCTACT
A/canine/Guangdong/DY1/2019,AGCAAAAGCAGG,,,,,,CCTTGTTTCTACT
A/canine/Illinois/M16-25374-19-1/2016,AGCAAAAGCAGG,,,,,,CCTTGTTTCTACT
A/canine/Illinois/077752/2016,AGCAAAAGCAGG,,,,,,CCTTGTTTCTACT
A/canine/Wisconsin/19137/2016,AGCAAAAGCAGG,,,,,,CCTTGTTTCTACT
A/canine/Texas/343907/2015,AGCAAAAGCAGG,,,,,,CCTTGTTTCTACT
A/canine/Illinois/I0182389/2015,AGCAAAAGCAGG,,,,,,CCTTGTTTCTACT
A/canine/Illinois/41915/2015,AGCAAAAGCAGG,,,,,,CCTTGTTTCTACT
A/canine/Illinois/1619144/2015,AGCAAAAGCAGG,,,,,,CCTTGTTTCTACT
A/canine/Illinois/0843093/2015,AGCAAAAGCAGG,,,,,,CCTTGTTTCTACT
A/canine/Texas/2100186/2015,AGCAAAAGCAGG,,,,,,CCTTGTTTCTACT
A/canine/Indiana/132276-16-1-2/2016,AGCAAAAGCAGG,,,,,,CCTTGTTTCTACT
A/canine/Illinois/20170110-1A4/2016,AGCAAAAGCAGG,,,,,,CCTTGTTTCTACT
A/canine/Indiana/093165-16-1-1/2016,AGCAAAAGCAGG,,,,,,CCTTGTTTCTACT
A/canine/Illinois/145135-16-3-1/2016,AGCAAAAGCAGG,,,,,,CCTTGTTTCTACT
A/canine/Illinois/091375-16-1-1/2016,AGCAAAAGCAGG,,,,,,CCTTGTTTCTACT
A/canine/Indiana/17031-16-2/2016,AGCAAAAGCAGG,,,,,,CCTTGTTTCTACT
A/canine/Indiana/1177-17-1/2017,AGCAAAAGCAGG,,,,,,CCTTGTTTCTACT
A/canine/Georgia/104940/2015,AGCAAAAGCAGG,,,,,,CCTTGTTTCTACT
A/canine/North_Carolina/109904/2015,AGCAAAAGCAGG,,,,,,CCTTGTTTCTACT
A/canine/Illinois/278597/2016,AGCAAAAGCAGG,,,,,,CCTTGTTTCTACT
A/canine/California/043670/2017,AGCAAAAGCAGG,,,,,,CCTTGTTTCTACT
A/swine/Thailand/CU-CG43/2011,AGCAAAAGCAGG,,,,,,
A/swine/Thailand/CU-CG48/2011,AGCAAAAGCAGG,,,,,,
A/swine/Minnesota/MT_12_07_4005/2012,AGCAAAAGCAGG,,,,,,CCTTGTTTCTACT
A/swine/Ohio/13TOSU1541/2013,AGCAAAAGCAGG,,,,,,CCTTGTTTCTACT
A/swine/Indiana/17TOSU1822/2017,AGCAAAAGCAGG,,,,,,CCTTGTTTCTACT
A/swine/Indiana/17TOSU1840/2017,AGCAAAAGCAGG,,,,,,CCTTGTTTCTACT
A/swine/Indiana/17TOSU1832/2017,AGCAAAAGCAGG,,,,,,CCTTGTTTCTACT
A/swine/Indiana/17TOSU1827/2017,AGCAAAAGCAGG,,,,,,CCTTGTTTCTACT
A/swine/Indiana/17TOSU1823/2017,AGCAAAAGCAGG,,,,,,CCTTGTTTCTACT
A/swine/Indiana/17TOSU1839/2017,AGCAAAAGCAGG,,,,,,CCTTGTTTCTACT
A/swine/Maule/VN1401-3982/2018,AGCAAAAGCAGG,,,,,,CCTTGTTTCTACT
A/swine/Maule/VN1401-3983/2018,AGCAAAAGCAGG,,,,,,CCTTGTTTCTACT
A/swine/Maule/VN1401-3981/2018,AGCAAAAGCAGG,,,,,,CCTTGTTTCTACT
A/swine/Los_Andes/VN1401-3086/2017,AGCAAAAGCAGG,,,,,,CCTTGTTTCTACT
A/swine/Valparaiso/VN1401-3773/2018,AGCAAAAGCAGG,,,,,,CCTTGTTTCTACT
A/swine/Mexico/AVX36/2012,AGCAAAAGCAGG,,,,,,CCTTGTTTCTACT
A/swine/Mexico/AVX37/2012,AGCAAAAGCAGG,,,,,,CCTTGTTTCTACT
A/swine/Hidalgo/HgoDMZC11/2015,AGCAAAAGCAGG,,,,,,CCTTGTTTCTACYCCGCATCAGGT
A/swine/Iowa/MT_12_07_4297/2012,AGCAAAAGCAGG,,,,,,CCTTGTTTCTACT
A/swine/Minnesota/MT_12_07_1657/2012,AGCAAAAGCAGG,,,,,,CCTTGTTTCTACT
A/swine/Illinois/16TOSU7168/2016,AGCAAAAGCAGG,,,,,,CCTTGTTTCTACT
A/swine/Ohio/13TOSU0410/2013,AGCAAAAGCAGG,,,,,,CCTTGTTTCTACT
A/swine/Indiana/15TOSU8898/2015,AGCAAAAGCAGG,,,,,,CCTTGTTTCTACT
A/swine/Dakota_Superior/MT_12_07_411/2012,AGCAAAAGCAGG,,,,,,CCTTGTTTCTACT
A/swine/Mexico/Mich40/2010,AGCAAAAGCAGG,,,,,,CCTTGTTTCTACT
A/swine/Mexico/Mex51/2010,AGCAAAAGCAGG,,,,,,CCTTGTTTCTACT
A/swine/Mexico/Mex50/2010,AGCAAAAGCAGG,,,,,,CCTTGTTTCTACT
A/duck/Vietnam/HN5620/2019,AGCAAAAGCAGG,,,,,,CCTTGTTTCTACT
A/duck/Vietnam/HN5616/2019,AGCAAAAGCAGG,,,,,,CCTTGTTTCTACT
A/Muscovy_duck/Vietnam/HN5482/2019,AGCAAAAGCAGG,,,,,,CCTTGTTTCTACT
A/Muscovy_duck/Vietnam/HN5485/2019,AGCAAAAGCAGG,,,,,,CCTTGTTTCTACT
A/duck/Vietnam/HN5474/2019,AGCAAAAGCAGG,,,,,,CCTTGTTTCTACT
A/Muscovy_duck/Vietnam/HN5481/2019,AGCAAAAGCAGG,,,,,,CCTTGTTTCTACT
A/duck/Vietnam/HN5001/2018,AGCAAAAGCAGG,,,,,,CCTTGTTTCTACT
A/Muscovy_duck/Vietnam/QN6297/2020,AGCAAAAGCAGG,,,,,,CCTTGTTTCTACT
A/duck/Vietnam/HN6479/2020,AGCAAAAGCAGG,,,,,,CCTTGTTTCTACT
A/duck/Vietnam/HN6471/2020,AGCAAAAGCAGG,,,,,,CCTTGTTTCTACT
A/duck/Vietnam/QN6589/2020,AGCAAAAGCAGG,,,,,,CCTTGTTTCTACT
A/duck/Vietnam/HN6425/2020,AGCAAAAGCAGG,,,,,,CCTTGTTTCTACT
A/duck/Vietnam/HN6561/2020,AGCAAAAGCAGG,,,,,,CCTTGTTTCTACT
A/duck/Vietnam/HN6569/2020,AGCAAAAGCAGG,,,,,,CCTTGTTTCTACT
A/duck/Vietnam/HN6617/2020,AGCAAAAGCAGG,,,,,,CCTTGTTTCTACT
A/duck/Vietnam/HN6212/2020,AGCAAAAGCAGG,,,,,,CCTTGTTTCTACT
A/duck/Vietnam/HN6211/2020,AGCAAAAGCAGG,,,,,,CCTTGTTTCTACT
A/Mallard/Netherlands/8/2013,AGCAAAAGCAGG,,,,,,CCTTGTTTCTACT
A/Mallard/Netherlands/3/2013,AGCAAAAGCAGG,,,,,,CCTTGTTTCTACT
A/mallard_duck/Netherlands/2/2013,AGCAAAAGCAGG,,,,,,CCTTGTTTCTACT
A/Mallard/Netherlands/37/2015,AGCAAAAGCAGG,,,,,,CCTTGTTTCTACT
A/duck/Thailand/CU-7518C/2010,AGCAAAAGCAGG,,,,,,
A/mallard_duck/Netherlands/56/2015,AGCAAAAGCAGG,,,,A,,CCTTGTTTCTACT
A/mallard/Netherlands/21/2016,AGCAAAAGCAGG,,,,,,CCTTGTTTCTACT
A/duck/Moscow/5037/2014,AGCAAAAGCAGG,,,,,,CCTTGTTTCTACT
A/mallard/Netherlands/39/2008,AGCAAAAGCAGG,,,,,,CCTTGTTTCTACT
A/mallard_duck/Netherlands/51/2008,AGCAAAAGCAGG,,,,,,CCTTGTTTCTACT
A/mallard_duck/Netherlands/6/2008,AGCAAAAGCAGG,,,,,,CCTTGTTTCTACT
A/mallard_duck/Netherlands/7/2008,AGCAAAAGCAGG,,,,,,CCTTGTTTCTACT
A/mallard_duck/Netherlands/30/2010,AGCAAAAGCAGG,,,,,,CCTTGTTTCTACT
A/mallard_duck/Netherlands/34/2010,AGCAAAAGCAGG,,,,,,CCTTGTTTCTACT
A/duck/Vietnam/HN4911/2018,AGCAAAAGCAGG,,,,,,CCTTGTTTCTACT
A/duck/Assam/DUOR1512100028/2015,AGCAAAAGCAGG,,,,,,
A/duck/Vietnam/HN4793/2018,AGCAAAAGCAGG,,,,,,CCTTGTTTCTACT
A/duck/Vietnam/HN4792/2018,AGCAAAAGCAGG,,,,,,CCTTGTTTCTACT
A/duck/Vietnam/HN4798/2018,AGCAAAAGCAGG,,,,,,CCTTGTTTCTACT
A/duck/Vietnam/HN4797/2018,AGCAAAAGCAGG,,,,,,CCTTGTTTCTACT
A/duck/Kerala/DUCL1411100010/2014,AGCAAAAGCAGG,,,,,,
A/chicken/Kerala/CHCL1411100011/2014,AGCAAAAGCAGG,,,,,,CCTTGTTTCTACT
A/duck/Vietnam/HN5955/2019,AGCAAAAGCAGG,,,,,,CCTTGTTTCTACT
A/duck/Vietnam/HN5958/2019,AGCAAAAGCAGG,,,,,,CCTTGTTTCTACT
A/Mallard/Netherlands/21/2013,AGCAAAAGCAGG,,,,,,CCTTGTTTCTACT
A/mallard_duck/Netherlands/16/2012,AGCAAAAGCAGG,,,,,,CCTTGTTTCTACT
A/Eurasian_teal/Netherlands/1/2011,AGCAAAAGCAGG,,,,,,CCTTGTTTCTACT
A/mallard_duck/Netherlands/6/2013,AGCAAAAGCAGG,,,,,,CCTTGTTTCTACT
A/barnacle_goose/Netherlands/2/2014,AGCAAAAGCAGG,,,,,,CCTTGTTTCTACT
A/mallard_duck/Netherlands/13/2012,AGCAAAAGCAGG,,,,,,CCTTGTTTCTACT
A/mallard_duck/Netherlands/13/2009,AGCAAAAGCAGG,,,,,,CCTTGTTTCTACT
A/turnstone/Netherlands/1/2010,AGCAAAAGCAGG,,,,,,CCTTGTTTCTACT
A/mallard/Jiangxi/2-5/2010,AGCAAAAGCAGG,,,,,,CCT
A/mallard/Jiangxi/1-4/2010,AGCAAAAGCAGG,,,,,,CCT
A/duck/Vietnam/HN5952/2019,AGCAAAAGCAGG,,,,,,CCTTGTTTCTACT
A/duck/Vietnam/HN5956/2019,AGCAAAAGCAGG,,,,A,,CCTTGTTTCTACT
A/duck/Vietnam/HN5953/2019,AGCAAAAGCAGG,,,,A,,CCTTGTTTCTACT
A/duck/Vietnam/HN5684/2019,AGCAAAAGCAGG,,,,,,CCTTGTTTCTACT
A/duck/Vietnam/HN5681/2019,AGCAAAAGCAGG,,,,,,CCTTGTTTCTACT
A/Bewick_swan/Netherlands/5/2007,AGCAAAAGCAGG,,,,,,CCTTGTTTCTACT
A/dunlin/Netherlands/2/2007,AGCAAAAGCAGG,,,,,,CCTTGTTTCTACT
A/turnstone/Netherlands/2/2007,AGCAAAAGCAGG,,,,,,CCTTGTTTCTACT
A/dunlin/Netherlands/3/2007,AGCAAAAGCAGG,,,,,,CCTTGTTTCTACT
A/duck/Moscow/4788/2012,AGCAAAAGCAGG,,,,,,CCTTGTTTCTACT
A/mallard_duck/Netherlands/14/2011,AGCAAAAGCAGG,,,,,,CCTTGTTTCTACT
A/mallard_duck/Netherlands/60/2006,AGCAAAAGCAGG,,,,,,CCTTGTTTCTACT
A/mallard_duck/Netherlands/1/2003,AGCAAAAGCAGG,,,,,,CCTTGTTTCTACT
A/mallard_duck/Netherlands/2/2003,AGCAAAAGCAGG,,,,,,CCTTGTTTCTACT
A/mallard_duck/Netherlands/1/2004,AGCAAAAGCAGG,,,,,,CCTTGTTTCTACT
A/pintail/Egypt/MB-D-384C/2015,AGCAAAAGCAGG,,,,,,CCTTGTTTCTACT
A/gadwall_duck/Netherlands/3/2006,AGCAAAAGCAGG,,,,,,CCTTGTTTCTACT
A/mallard_duck/Netherlands/62/2008,AGCAAAAGCAGG,,,,,,CCTTGTTTCTACT
A/common_teal/Netherlands/07/2000,AGCAAAAGCAGG,,,,,,CCTTGTTTCTACT
A/mallard_duck/Netherlands/08/2000,AGCAAAAGCAGG,,,,,,CCTTGTTTCTACT
A/mallard_duck/Netherlands/3/2001,AGCAAAAGCAGG,,,,,,CCTTGTTTCTACT
A/mallard_duck/Netherlands/34/2006,AGCAAAAGCAGG,,,,,,CCTTGTTTCTACT
A/mallard/Netherlands/29/2013,AGCAAAAGCAGG,,,,,,CCTTGTTTCTACT
A/Muscovy_duck/Vietnam/HN4903/2018,AGCAAAAGCAGG,,,,,,CCTTGTTTCTACT
A/duck/Vietnam/HN4917/2018,AGCAAAAGCAGG,,,,,,CCTTGTTTCTACT
A/Muscovy_duck/Vietnam/HN4910/2018,AGCAAAAGCAGG,,,,,,CCTTGTTTCTACT
A/duck/Vietnam/HN5003/2018,AGCAAAAGCAGG,,,,,,CCTTGTTTCTACT
A/duck/Vietnam/HN4931/2018,AGCAAAAGCAGG,,,,,,CCTTGTTTCTACT
A/duck/Vietnam/HN5421/2019,AGCAAAAGCAGG,,,,,,CCTTGTTTCTACT
A/duck/Vietnam/HN5426/2019,AGCAAAAGCAGG,,,,,,CCTTGTTTCTACT
A/ruddy_turnstone/Netherlands/6/2008,AGCAAAAGCAGG,,,,,,CCTTGTTTCTACT
A/turnstone/Netherlands/3/2008,AGCAAAAGCAGG,,,,,,CCTTGTTTCTACT
A/turnstone/Netherlands/4/2008,AGCAAAAGCAGG,,,,,,CCTTGTTTCTACT
A/swine/Langen/7114/2008,AGCAAAAGCAGG,,,,,,CCTTGTTTCTACT
A/swine/Roswinkel/18812/2013,AGCAAAAGCAGG,,,,,,CCTTGTTTCTACT
A/swine/Spain/45690-12/2019,AGCAAAAGCAGG,,,,,,CCTTGTTTCTACT
A/swine/Spain/45690-11/2019,AGCAAAAGCAGG,,,,,,CCTTGTTTCTACT
A/swine/Spain/45690-10/2018,AGCAAAAGCAGG,,,,,,CCTTGTTTCTACT
A/swine/Spain/46314-2/2020,AGCAAAAGCAGG,,,,,,CCTTGTTTCTACT
A/swine/Cote_d'Armor/3633/84,AGCAAAAGCAGG,,,,,,CCTTGTTTCTACT
A/swine/Spain/45690-1/2016,AGCAAAAGCAGG,,,,,,CCTTGTTTCTACT
A/American_Green-winged_Teal/Ohio/17OS2916/2017,AGCAAAAGCAGG,,,,,,CCTTGTTTCTACT
A/mallard_duck/California/UCD705/2016,AGCAAAAGCAGG,,,,,,CCTTGTTTCTACT
A/mallard_duck/California/UCD704/2016,AGCAAAAGCAGG,,,,,,CCTTGTTTCTACT
A/harbor_seal/New_Hampshire/UCD179629mdck/2017,AGCAAAAGCAGG,,,,,,CCTTGTTTCTACT
A/harbor_seal/New_Hampshire/SL06B48H3/2018,AGCAAAAGCAGG,,,,,,CCTTGTTTCTACT
A/harbor_seal/New_Hampshire/SL06B72H3/2018,AGCAAAAGCAGG,,,,,,CCTTGTTTCTACT
A/harbor_seal/New_Hampshire/M11t72H3/2018,AGCAAAAGCAGG,,,,,,CCTTGTTTCTACT
A/harbor_seal/New_Hampshire/ES10B72H3/2019,AGCAAAAGCAGG,,,,,,CCTTGTTTCTACT
A/harbor_seal/New_Hampshire/M15t72H3/2018,AGCAAAAGCAGG,,,,,,CCTTGTTTCTACT
A/harbor_seal/New_Hampshire/ES10B48H3/2019,AGCAAAAGCAGG,,,,,,CCTTGTTTCTACT
A/swine/Guatemala/MM-160/2013,AGCAAAAGCAGG,,,,,,CCTTGTTTCTACT
A/swine/Guangdong/01/1998,AGCAAAAGCAGG,,,,,,CCTTGTTTCTACT
A/equine/Santiago/TT3A/2018,AGCAAAAGCAGG,,,,,,CCTTGTTTCTACT
A/equine/Santiago/TT1A/2018,AGCAAAAGCAGG,,,,,,CCTTGTTTCTACT
A/equine/Santiago/TT5A/2018,AGCAAAAGCAGG,,,,,,CCTTGTTTCTACT
A/equine/Santiago/TT11A/2018,AGCAAAAGCAGG,,,,,,CCTTGTTTCTACT
A/equine/Santiago/TT10A/2018,AGCAAAAGCAGG,,,,,,CCTTGTTTCTACT
A/equine/Santiago/TT9A/2018,AGCAAAAGCAGG,,,,,,CCTTGTTTCTACT
A/equine/Concepcion/RO3C/2018,AGCAAAAGCAGG,,,,,,CCTTGTTTCTACT
A/equine/Concepcion/RO4C/2018,AGCAAAAGCAGG,,,,,,CCTTGTTTCTACT
A/equine/Concepcion/RO7C/2018,AGCAAAAGCAGG,,,,,,CCTTGTTTCTACT
A/equine/Curico/RO4B/2018,AGCAAAAGCAGG,,,,,,CCTTGTTTCTACT
A/donkey/Nigeria/VRD19_ZM20_T10_19RS459-5/2019,AGCAAAAGCAGG,,,,,,CCTTGTTTCTACT
A/equine/New_York/CRP413/2015,AGCAAAAGCAGG,,,,,,CCTTGTTTCTACT
A/equine/New_Jersey/93950/2015,AGCAAAAGCAGG,,,,,,CCTTGTTTCTACT
A/equine/New_Hampshire/315579/2015,AGCAAAAGCAGG,,,,,,CCTTGTTTCTACT
A/equine/North_Carolina/202527/2016,AGCAAAAGCAGG,,,,A,,CCTTGTTTCTACT
A/equine/New_York/CRP412/2013,AGCAAAAGCAGG,,,,,,CCTTGTTTCTACT
A/equine/New_York/82128/2014,AGCAAAAGCAGG,,,,,,CCTTGTTTCTACT
A/equine/Pennsylvania/98683/2011,AGCAAAAGCAGG,,,,,,CCTTGTTTCTACT
A/equine/United_Kingdom/PM082/2019,AGCAAAAGCAGG,,,,,,CCTTGTTTCTACT
A/equine/United_Kingdom/PM083/2019,AGCAAAAGCAGG,,,,,,CCTTGTTTCTACT
A/equine/United_Kingdom/PM085/2019,AGCAAAAGCAGG,,,,,,CCTTGTTTCTACT
A/equine/United_Kingdom/PM090/2019,AGCAAAAGCAGG,,,,,,CCTTGTTTCTACT
A/equine/United_Kingdom/PM081/2019,AGCAAAAGCAGG,,,,,,CCTTGTTTCTACT
A/equine/United_Kingdom/PM080/2019,AGCAAAAGCAGG,,,,,,CCTTGTTTCTACT
A/equine/New_York/036952/2020,AGCAAAAGCAGG,,,,,,CCTTGTTTCTACT
A/equine/New_York/034924/2020,AGCAAAAGCAGG,,,,,,CCTTGTTTCTACT
A/equine/United_Kingdom/PM089/2019,AGCAAAAGCAGG,,,,,,CCTTGTTTCTACT
A/equine/United_Kingdom/PM094/2019,AGCAAAAGCAGG,,,,,,CCTTGTTTCTACT
A/equine/United_Kingdom/PM093/2019,AGCAAAAGCAGG,,,,,,CCTTGTTTCTACT
A/equine/United_Kingdom/PM096/2019,AGCAAAAGCAGG,,,,,,CCTTGTTTCTACT
A/equine/California/CRP342/2019,AGCAAAAGCAGG,,,,,,CCTTGTTTCTACT
A/equine/Rhode_Island/1/2021,AGCAAAAGCAGG,,,,,,CCTTGTTTCTACT
A/equine/Ohio/OH21-6023/2021,AGCAAAAGCAGG,,,,,,CCTTGTTTCTACT
A/equine/California/5/2020,AGCAAAAGCAGG,,,,,,CCTTGTTTCTACT
A/equine/Texas/CRP421/2019,AGCAAAAGCAGG,,,,,,CCTTGTTTCTACT
A/equine/Oklahoma/9241/2019,AGCAAAAGCAGG,,,,,,CCTTGTTTCTACT
A/equine/California/CRP419/2019,AGCAAAAGCAGG,,,,,,CCTTGTTTCTACT
A/equine/Texas/1/2020,AGCAAAAGCAGG,,,,,,CCTTGTTTCTACT
A/equine/California/3/2020,AGCAAAAGCAGG,,,,,,CCTTGTTTCTACT
A/equine/Iowa/1/2021,AGCAAAAGCAGG,,,,,,CCTTGTTTCTACT
A/equine/Missouri/1/2022,AGCAAAAGCAGG,,,,,,CCTTGTTTCTACT
A/equine/Florida/2/2022,AGCAAAAGCAGG,,,,,,CCTTGTTTCTACT
A/equine/Heilongjiang/SS1/2013,AGCAAAAGCAGG,,,,,,CCTTGTTTCTACT
A/canine/Massachusetts/26810/2016,AGCAAAAGCAGG,,,,,,CCTTGTTTCTACT
A/equine/Quillota/2/1992,AGCAAAAGCAGG,,,,,,CCTTGTTTCTACT
A/equine/Pulawy/1/2005,AGCAAAAGCAGG,,,,,,CCTTGTTTCTACT
A/red-gartered_coot/Chile/C16030/2016,AGCAAAAGCAGG,,,,,,CCTTGTTTCTACT
A/black-headed_gull/Chile/C38075/2018,AGCAAAAGCAGG,,,,,,CCTTGTTTCTACT
A/black_skimmer/Chile/C26100/2017,AGCAAAAGCAGG,,,,,,CCTTGTTTCTACT
A/blue-winged_teal/Alberta/456/2017,AGCGAAAGCAGG,,,,,,CCTTGTTTCTAC
A/blue-winged_teal/Guatemala/CIP049H108-45/2012,AGCGAAAGCAGG,,,,,,CCTTGTTTCTACT
A/blue-winged_teal/Guatemala/CIP049H104-93/2011,AGCGAAAGCAGG,,,,,,CCTTGTTTCTACT
A/blue-winged_teal/Guatemala/CIP049H109-38/2012,AGCGAAAGCAGG,,,,,,CCTTGTTTCTACT
A/blue-winged_teal/Guatemala/CIP049H109-15/2012,AGCGAAAGCAGG,,,,,,CCTTGTTTCTACT
A/green-winged_teal/Ohio/16OS1016/2016,AGCGAAAGCAGG,,,,,,CCTGCTTTC
A/mallard/Minnesota/Sg-00696/2008,AGCGAAAGCAGG,,,,,,
A/northern_shoveler/Minnesota/Sg-00671/2008,AGCGAAAGCAGG,,,,,,
A/blue-winged_teal/Minnesota/Sg-00650/2008,AGCGAAAGCAGG,,,,,,
A/mallard/Alberta/118/1995,AGCGAAAGCAGG,,,,,,CCTTGTTTCTACT
A/Northern_shoveler/Guatemala/CIP049HT114-14/2013,AGCGAAAGCAGG,,,,,,CCTTGTTTCTACT
A/mallard/Minnesota/Sg-00687/2008,AGCGAAAGCAGG,,,,,,
A/blue-winged_teal/Guatemala/CIP049H102-25/2011,AGCGAAAGCAGG,,,,,,CCTTGTTTCTACT
A/blue-winged_teal/Guatemala/CIP049H112-60/2012,AGCGAAAGCAGG,,,,,,CCTTGTTTCTACT
A/blue-winged_teal/Guatemala/CIP049H102-32/2011,AGCGAAAGCAGG,,,,,,CCTTGTTTCTACT
A/blue-winged_teal/Guatemala/CIP049H102-29/2011,AGCGAAAGCAGG,,,,,,CCTTGTTTCTACT
A/blue-winged_teal/Guatemala/CIP049H109-28/2012,AGCGAAAGCAGG,,,,,,CCTTGTTTCTACT
A/blue-winged_teal/Guatemala/CIP049H108-67/2012,AGCGAAAGCAGG,,,,,,CCTTGTTTCTACT
A/ruddy_turnstone/New_Jersey/Sg-00553/2008,AGCGAAAGCAGG,,,,,,
A/ruddy_turnstone/New_Jersey/Sg-00522/2008,AGCGAAAGCAGG,,,,,,
A/ruddy_turnstone/New_Jersey/Sg-00518/2008,AGCGAAAGCAGG,,,,,,
A/mallard/Alberta/635/1983,AGCGAAAGCAGG,,,,,,CCTTGTTTCTACT
A/canine/Korea/MV1/2012,AGCGAAAGCAGG,,,,,,CCTTGTTTCTACT
A/canine/Pennsylvania/0261885/2015,AGCGAAAGCAGG,,,,,,CCTTGTTTCTACT
A/canine/Beijing/362/2009,AGCGAAAGCAGG,,,,,,CCTTGTTTCTACT
A/feline/Korea/01/2010,AGCGAAAGCAGG,,,,,,CCTTGTTTCTACT
A/canine/Korea/BD-1/2013,AGCGAAAGCAGG,,,,,,CCTTGTTTCTACT
A/swine/Wuerusreuth/IDT10990/2009,AGCGAAAGCAGG,,,,,,CCTTGTTTCTACT
A/swine/Mexico/AVX28/2012,AGCGAAAGCAGG,,,,,,CCTTGTTTCTACT
A/swine/Mexico/AVX15/2012,AGCGAAAGCAGG,,,,,,CCTTGTTTCTACT
A/swine/Mexico/AVX34/2012,AGCGAAAGCAGG,,,,,,CCTTGTTTCTACT
A/swine/Iowa/MT_12_07_11_2_20/2011,AGCGAAAGCAGG,,,,,,CCTTGTTTCTACT
A/swine/Rietberg/19732/2014,AGCGAAAGCAGG,,,,,,CCTTGTTTCTACT
A/swine/Dreierwalde/21715/2015,AGCGAAAGCAGG,,,,,,CCTTGTTTCTACT
A/swine/Goldenstedt/20754/2014,AGCGAAAGCAGG,,,,,,CCTTGTTTCTACT
A/swine/Rietberg/22412/2015,AGCGAAAGCAGG,,,,,,CCTTGTTTCTACT
A/swine/Friesoythe/21674/2015,AGCGAAAGCAGG,,,,,,CCTTGTTTCTACT
A/swine/Friesoythe/21704/2015,AGCGAAAGCAGG,,,,,,CCTTGTTTCTACT
A/swine/Heiden/21511/2015,AGCGAAAGCAGG,,,,,,CCTTGTTTCTACT
A/swine/Cloppenburg/22418/2015,AGCGAAAGCAGG,,,,,,CCTTGTTTCTACT
A/swine/Curico/VN1401-1806/2015,AGCGAAAGCAGG,,,,,,CCTTGTTTCTACT
A/swine/Maule/VN1401-1824/2015,AGCGAAAGCAGG,,,,,,CCTTGTTTCTACT
A/swine/Chile/33/2014,AGCGAAAGCAGG,,,,,,CCTTGTTTCTACT
A/swine/Mexico/AVX53/2013,AGCGAAAGCAGG,,,,,,CCTTGTTTCTACT
A/swine/Mexico/AVX14/2012,AGCGAAAGCAGG,,,,,,CCTTGTTTCTACT
A/swine/Mexico/AVX57/2013,AGCGAAAGCAGG,,,,,,CCTTGTTTCTACT
A/swine/Mexico/AVX60/2013,AGCGAAAGCAGG,,,,,,CCTTGTTTCTACT
A/swine/Mexico/AVX26/2012,AGCGAAAGCAGG,,,,,,CCTTGTTTCTACT
A/swine/Mexico/AVX19/2012,AGCGAAAGCAGG,,,,,,CCTTGTTTCTACT
A/swine/Mexico/AVX13/2012,AGCGAAAGCAGG,,,,,,CCTTGTTTCTACT
A/swine/MI/PU243/04,AGCGAAAGCAGG,,,,,,CCTTGTTTCTACT
A/swine/IN/PU542/04,AGCGAAAGCAGG,,,,,,CCTTGTTTCTACT
A/swine/Mexico/AVX32/2012,AGCGAAAGCAGG,,,,,,CCTTGTTTCTACT
A/swine/Mexico/AVX64/2014,AGCGAAAGCAGG,,,,,,CCTTGTTTCTACT
A/shearwater/Australia/405/1978,AGCGAAAGCAGG,,,,,,CCTTGTTTCTACT
A/Steller's_eider/Alaska/44222-192/2006,AGCGAAAGCAGG,,,,,,CCTTGTTTCTACT
A/blue-winged_teal/Guatemala/CIP049H109-14/2012,AGCGAAAGCAGG,,,,,,CCTTGTTTCTACT
A/Bar-headed_goose__Anser_indicus_/India/DBC1-12a/2016,AGCGAAAGCAGG,,,,,,CCTTGTTTC
A/duck/Moscow/4681/2011,AGCGAAAGCAGG,,,,,,CCTTGTTTCTACT
A/duck/Guangxi/057D6/2010,AGCGAAAGCAGG,,,,,,CCTTGTTTCTACT
A/chicken/Guangxi/073C2/2010,AGCGAAAGCAGG,,,,,,CCTTGTTTCTACT
A/duck/Jiangsu/26/2004,AGCGAAAGCAGG,,,,,,CCTTGTTTCTACT
A/duck/Guangxi/112D4/2012,AGCGAAAGCAGG,,,,,,CCTTGTTTCTACT
A/duck/Assam/DUOR1512100030/2015,AGCGAAAGCAGG,,,,,,CCTTGTTTCTACT
A/duck/Moscow/5881/2021,AGCGAAAGCAGG,,,,,,CCTTGTTTCTACT
A/duck/Mongolia/122/2015,AGCGAAAGCAGG,,,,,,CCTTGTCACAACT
A/duck/Moscow/5172/2015,AGCGAAAGCAGG,,,,,,CCTTGTTTCTACT
A/duck/Moscow/5171/2015,AGCGAAAGCAGG,,,,,,CCTTGTTTCTACT
A/duck/Moscow/5163/2015,AGCGAAAGCAGG,,,,,,CCTTGTTTCTACT
A/domestic_green-winged_teal/Hunan/2036/2007,AGCGAAAGCAGG,,,,,,CCTTGTTTCTACT
A/pigeon/Guangxi/128P9/2012,AGCGAAAGCAGG,,,,,,CCTTGTTTCTACT
A/goose/Guangxi/139G20/2013,AGCGAAAGCAGG,,,,,,CCTTGTTTCTACT
A/duck/Chernogolovka/5897/2021,AGCGAAAGCAGG,,,,,,CCTTGTTTCTACT
A/duck/Chernogolovka/5908/2021,AGCGAAAGCAGG,,,,,,CCTTGTTTCTACT
A/duck/China/322D22/2018,AGCGAAAGCAGG,,,,,,CCTTGTTTCTACT
A/chicken/Nanchang/7-010/2000,AGCGAAAGCAGG,,,,,,CCTTGTTTCTACT
A/quail/Nanchang/7-026/2000,AGCGAAAGCAGG,,,,,,CCTTGTTTCTACT
A/mallard/China/y41/2014,AGCGAAAGCAGG,,,,,,CCTTGTTTCTACT
A/mallard/Xuyi/14/2015,AGCGAAAGCAGG,,,,,,CCTTGTTTCTACT
A/chicken/Guangxi/125C8/2012,AGCGAAAGCAGG,,,,,,CCTTGTTTCTACT
A/duck/Guangxi/135D20/2013,AGCGAAAGCAGG,,,,,,CCTTGTTTCTACT
A/duck/Jiangsu/4/2010,AGCGAAAGCAGG,,,,,,CCTTGTTTCTACT
A/chicken/Guangxi/165C7/2014,AGCGAAAGCAGG,,,,,,CCTTGTTTCTACT
A/swine/Billerbeck/14098/2011,AGCGAAAGCAGG,,,,,,CCTTGTTTCTACT
A/swine/Ascheberg/13209/2011,AGCGAAAGCAGG,,,,,,CCTTGTTTCTACT
A/swine/Ostbevern/6907/2008,AGCGAAAGCAGG,,,,,,CCT
A/swine/Melle/6908/2008,AGCGAAAGCAGG,,,,,,CCTTGCTTCTACT
A/swine/Willebadessen/9666/2009,AGCGAAAGCAGG,,,,,,CCTTGTTTCTACT
A/swine/Stemwede/8583/2009,AGCGAAAGCAGG,,,,,,CCTTGTTTCTACT
A/swine/Enger/8648/2009,AGCGAAAGCAGG,,,,,,CCTTGTTTCTACT
A/swine/Boesel/11289/2010,AGCGAAAGCAGG,,,,,,CCTTGTTTCTACT
A/swine/Hoerstel/13612-1/2011,AGCGAAAGCAGG,,,,,,CCTTGTTTCTACT
A/swine/Lohne/13611/2011,AGCGAAAGCAGG,,,,,,CCTTGTTTCTACT
A/swine/Hoerstel/13612-2/2011,AGCGAAAGCAGG,,,,,,CCTTGTTTCTACT
A/swine/Schoeppingen/12424/2010,AGCGAAAGCAGG,,,,,,CCTTGTTTCTACT
A/swine/Georgsdorf/12866/2011,AGCGAAAGCAGG,,,,,,CCTTGTTTCTACT
A/swine/Schnaitsee/4700/2005,AGCGAAAGCAGG,,,,,,
A/swine/Kirchham/4778/2005,AGCGAAAGCAGG,,,,,,CCTTGTTTCTACT
A/swine/Nordhuemmling/4917/2006,AGCGAAAGCAGG,,,,,,CCTTGTTTCTACT
A/swine/Gnas/5926/2007,AGCGAAAGCAGG,,,,,,CCTTGTTTCTACT
A/swine/IVD/5911/2007,AGCGAAAGCAGG,,,,,,CCTTGTTTCTACT
A/swine/Feldbach/5907/2007,AGCGAAAGCAGG,,,,,,CCTTGTTTCTACT
A/swine/Stadtlohn/5570/2006,AGCGAAAGCAGG,,,,,,CCTTGTTTCTACT
A/swine/Feldbach/4589/2005,AGCGAAAGCAGG,,,,,,CCTTGTTTCTACT
A/swine/Osterhofen/5418/2006,AGCGAAAGCAGG,,,,,,CCTTGTTTCTACT
A/swine/Rinkerode/5967/2007,AGCGAAAGCAGG,,,,,,CCTTGTTTCTACT
A/swine/Vreden/5982/2007,AGCGAAAGCAGG,,,,,,CCTTGTTTCTACT
A/swine/Melle/6137/2007,AGCGAAAGCAGG,,,,,,CCTTGTTTCTACT
A/swine/Rotthalmuenster/5877/2007,AGCGAAAGCAGG,,,,,,CCTTGTTTCTACT
A/swine/Vilsbiburg/5733/2006,AGCGAAAGCAGG,,,,,,CCTAGTTTCTACT
A/swine/Borgentreich/4858/2006,AGCGAAAGCAGG,,,,,,CCTTGTTTCTACT
A/swine/Melle/5190/2006,AGCGAAAGCAGG,,,,,,CCTTGTTTCTACT
A/swine/Bad_Rothenfelde/5179/2006,AGCGAAAGCAGG,,,,,,CCTTGTTTCTACT
A/swine/Salzkotten/5275/2006,AGCGAAAGCAGG,,,,,,CCTTGTTTCTACT
A/swine/Bielefeld/6851/2008,AGCGAAAGCAGG,,,,,,CCTTGTTTCTACT
A/swine/Meschede/6850/2008,AGCGAAAGCAGG,,,,,,CCTTGTTTCTACT
A/swine/Bueren/5439/2006,AGCGAAAGCAGG,,,,,,CCTTGTTTCTACT
A/swine/Holtrup/6358/2007,AGCGAAAGCAGG,,,,,,CCTTGTTTCTACT
A/swine/Ruethen/14808/2012,AGCGAAAGCAGG,,,,,,CCTTGTTTCTACT
A/swine/Luenne/4529/2005,AGCGAAAGCAGG,,,,,,CCTTGTTTCTACT
A/swine/Isterberg/6682/2007,AGCGAAAGCAGG,,,,,,CCTTGTTTCTACT
A/swine/Freren/7424/2008,AGCGAAAGCAGG,,,,,,CCTTGTTTCTACT
A/swine/Doerentrup/6485/2007,AGCGAAAGCAGG,,,,,,CCTTGTTTCTACT
A/swine/Damme/8154/2008,AGCGAAAGCAGG,,,,,,CCTTGTTTCTACT
A/swine/Garrel/9093/2009,AGCGAAAGCAGG,,,,,,CCTTGTTTCTACT
A/swine/Warendorf/6727/2007,AGCGAAAGCAGG,,,,,,CCTTGTTTCTACT
A/swine/Bad_Wuennenberg/7188/2008,AGCGAAAGCAGG,,,,,,CCTTGTTTCTACT
A/swine/Bad_Griesbach/7186/2008,AGCGAAAGCAGG,,,,,,CCTTGTTTCTACT
A/swine/Holzwickede/6367a/2007,AGCGAAAGCAGG,,,,,,CCTTGTTTCTACT
A/swine/Telgte/10014/2009,AGCGAAAGCAGG,,,,,,CCTTGTTTCTACT
A/swine/Iserlohn/8153/2008,AGCGAAAGCAGG,,,,,,CCTTGTTTCTACT
A/swine/Bottrop/10478a/2009,AGCGAAAGCAGG,,,,,,CCTTGTTTCTACT
A/swine/Lohne/12460/2010,AGCGAAAGCAGG,,,,,,CCTTGTTTCTACT
A/swine/Borken/11902/2010,AGCGAAAGCAGG,,,,,,CCTTGTTTCTACT
A/swine/Warendorf/10669/2009,AGCGAAAGCAGG,,,,,,CC
A/swine/Feldbach/6605/2007,AGCGAAAGCAGG,,,,,,CCTTGGTTCTACT
A/swine/Lohne/9719a/2009,AGCGAAAGCAGG,,,,,,CCTTGTTTCTACT
A/swine/Tetenbuell/9718/2009,AGCGAAAGCAGG,,,,,,CCTTGTTTCTACT
A/swine/France/59-120031/2012,AGCGAAAGCAGG,,,,,,CCT
A/swine/Steinfurt/17118/2013,AGCGAAAGCAGG,,,,,,CCTTGTTTCTACT
A/swine/Lohne/17104/2013,AGCGAAAGCAGG,,,,,,CCTTGTTTCTACT
A/swine/Boesel/14133/2011,AGCGAAAGCAGG,,,,,,CCTTGTTTCTACT
A/swine/Haren/13906/2011,AGCGAAAGCAGG,,,,,,CCTTGTTTCTACT
A/swine/Nottuln/18090/2013,AGCGAAAGCAGG,,,,,,CCTTGTTTCTACT
A/swine/Rhede/17728/2013,AGCGAAAGCAGG,,,,,,CCTTGTTTCTACT
A/swine/Rhede/20749/2014,AGCGAAAGCAGG,,,,,,CCTTGTTTCTACT
A/swine/Haltern/14710/2012,AGCGAAAGCAGG,,,,,,CCTTGTTTCTACT
A/swine/Coesfeld/14741-1/2012,AGCGAAAGCAGG,,,,,,CCTTGTTTCTACT
A/swine/Bad_Wuennenberg/17298/2013,AGCGAAAGCAGG,,,,,,CCTTGTTTCTACT
A/swine/Boesingen/16789/2012,AGCGAAAGCAGG,,,,,,CCTTGTTTCTACT
A/swine/Bad_Wuennenberg/14829/2012,AGCGAAAGCAGG,,,,,,CCTTGTTTCTACT
A/swine/Bad_Wuennenberg/14810/2012,AGCGAAAGCAGG,,,,,,CCTTGTTTCTCCT
A/swine/Bunnik/17685/2013,AGCGAAAGCAGG,,,,,,CCTTGTTTCTACT
A/swine/Melle/17290/2013,AGCGAAAGCAGG,,,,,,CCTTGTTTCTACT
A/swine/Atteln/14453/2011,AGCGAAAGCAGG,,,,,,CCTTGTTTCTACT
A/swine/Steinfurt/14736/2012,AGCGAAAGCAGG,,,,,,CCTTGTTTCTACT
A/swine/Emsbueren/14771/2012,AGCGAAAGCAGG,,,,,,CCTTGTTTCTACT
A/swine/Telgte/17626/2013,AGCGAAAGCAGG,,,,,,CCTTGTTTCTACT
A/swine/Sprakensehl/14752/2012,AGCGAAAGCAGG,,,,,,CCTTGTTTCTACT
A/swine/Maerschendorf/17986/2013,AGCGAAAGCAGG,,,,,,CCTTGTTTCTACT
A/swine/Molbergen/18109/2013,AGCGAAAGCAGG,,,,,,CCTTGTTTCTACT
A/swine/Zweiflingen/20028/2014,AGCGAAAGCAGG,,,,,,CCTTGTTTCTACT
A/swine/Borken/21229/2015,AGCGAAAGCAGG,,,,,,CCTTGTTTCTACT
A/swine/Borken/21121/2015,AGCGAAAGCAGG,,,,,,CCTTGTTTCTACT
A/swine/Telgte/19851/2014,AGCGAAAGCAGG,,,,,,CCTTGTTTCTACT
A/swine/Telgte/19839/2014,AGCGAAAGCAGG,,,,,,CCTTGTTTCTACT
A/swine/Telgte/19994/2014,AGCGAAAGCAGG,,,,,,CCTTGTTTCTACT
A/swine/Herzlake/19959/2014,AGCGAAAGCAGG,,,,,,CCTTGTTTCTACT
A/swine/Guenne/21206/2015,AGCGAAAGCAGG,,,,,,CCTTGTTTCTACT
A/swine/Zevenaar/21030/2014,AGCGAAAGCAGG,,,,,,CCTTGTTTCTACT
A/swine/Boitzenborstel/17524/2013,AGCGAAAGCAGG,,,,,,CCTTGTTTCTACT
A/swine/Wielen/21300/2015,AGCGAAAGCAGG,,,,,,CCTTGTTTCTACT
A/swine/France/59-150357/2015,AGCGAAAGCAGG,,,,,,CCTTGTTTCTACT
A/swine/Deinstedt/9695/2009,AGCGAAAGCAGG,,,,,,CCTTGTTTCTACT
A/swine/Friesoythe/12219/2010,AGCGAAAGCAGG,,,,,,CCTTGTTTCTACT
A/swine/Stresow/7919a/2008,AGCGAAAGCAGG,,,,,,CCTTGTTTCTACT
A/swine/Warendorf/6639a/2007,AGCGAAAGCAGG,,,,,,CCTTGTTTCTACT
A/swine/Thailand/CM480/2009,AGCGAAAGCAGG,,,,,,CCTTGTTTCTACT
A/swine/Hassendorf/2929/2004,AGCGAAAGCAGG,,,,,,CCTTGTTTCTACT
A/swine/Nordkirchen/IDT1993/2003,AGCGAAAGCAGG,,,,,,
A/swine/Chachoengsao/2002,AGCGAAAGCAGG,,,,,,CCTTGTTTCCACT
A/swine/Spain/21350/2015,AGCGAAAGCAGG,,,,,,ACTTGTTTCTACT
A/Steller's_eider/Alaska/44354-376/2007,AGCGAAAGCAGG,,,,,,CCTTGTTTC
A/Steller's_eider/Alaska/44354-352/2007,AGCGAAAGCAGG,,,,,,CCTTGTTTCTACT
A/blue-winged_teal/Guatemala/CIP049H101-24/2011,AGCGAAAGCAGG,,,,,,CCTTGTTTCTACT
A/mallard/Minnesota/Sg-00680/2008,AGCGAAAGCAGG,,,,,,
A/blue-winged_teal/Guatemala/CIP049H103-20/2011,AGCGAAAGCAGG,,,,,,CCTTGTTTCTACT
A/blue-winged_teal/Guatemala/CIP049H102-09/2011,AGCGAAAGCAGG,,,,,,CCTTGTTTCTACT
A/mallard/Minnesota/Sg-00674/2008,AGCGAAAGCAGG,,,,,,
A/blue-winged_teal/Guatemala/CIP049H105-08/2011,AGCGAAAGCAGG,,,,,,CCTTGTTTCTACT
A/pintail_duck/Alberta/169/1980,AGCGAAAGCAGG,,,,,,CCTTGTTTCTACT
A/swine/Shandong/3/2005,AGCGAAAGCAGG,,,,,,CCTTGTTTCTACT
A/swine/Guangdong/223/2006,AGCGAAAGCAGG,,,,A,,CCTTGTTTCTACT
A/swine/Obihiro/10/1985,AGCGAAAGCAGG,,,,,,CCTTGTCACAACT
A/equine/Tennessee/29A/2014,AGCGAAAGCAGG,,,,,,CCTTGTTTCTACT
A/equine/Tennessee/30A/2014,AGCGAAAGCAGG,,,,,,CCTTGTTTCTACT
A/equine/Tennessee/27A/2014,AGCGAAAGCAGG,,,,,,CCTTGTTTCTACT
A/equine/Tennessee/28B/2014,AGCGAAAGCAGG,,,,,,CCTTGTTTCTACT
A/equine/Tennessee/28A/2014,AGCGAAAGCAGG,,,,,,CCTTGTTTCTACT
A/equine/Tennessee/4A/2014,AGCGAAAGCAGG,,,,,,CCTTGTTTCTACT
A/equine/Colina/2012,AGCGAAAGCAGG,,,,,,CCTTGTTTCTACT
A/equine/California/CRP341/2019,AGCGAAAGCAGG,,,,,,CCTTGTTTCTACT
A/equine/California/CRP340/2019,AGCGAAAGCAGG,,,,,,CCTTGTTTCTACT
A/equine/Kyonggi/SA1/2011,AGCGAAAGCAGG,,,,,,CCTTGTTTCTACT
A/equine/Kentucky/5/2002,AGCGAAAGCAGG,,,,,,CCTTGTTTCTACT
A/equine/Richmond/1/2007,AGCGAAAGCAGG,,,,,,CCTTGTTTCTACT
A/red-fronted_coot/Chile/5/2013,AGCGAAAGCAGG,,,,,,CCTTGTTTCTACT
A/Blue-winged_Teal/Wisconsin/AH0099825S.3.A/2016,GG,,,,,,CCTTGTTTCTACT
A/Equus_caballus/Ulaanbaatar/6/2011,GG,,,,,,C
A/blue-winged_teal/Ohio/17OS2004/2017,AAAGCAGG,,,,,,CCTTGTTTCTA
A/green-winged_teal/Minnesota/Sg-00131/2007,AAAGCAGG,,,,,,CCTTGTTTCTACT
A/duck/Mongolia/572/2015,AAAGCAGG,,,,,,CCTTGTTTC
A/blue-winged_teal/Alberta/162/2017,AAAGCAGG,,,,,,CCTTGTTTCTAC
A/canine/Ohio/188191/2017,AGCAAAGCAGG,,,,,,CCTTGTTTCTACT
A/Equus_ferus_caballus/USA/72778/2019,AGCAAAGCAGG,,,,,,CCTTGTTTCTACT
A/Equus_ferus_caballus/USA/82889/2019,AGCAAAGCAGG,,,,,,CCTTGTTTCTACT
A/Equus_ferus_caballus/USA/48519/2019,AGCAAAGCAGG,,,,,,CCTTGTTTCTACT
A/Equus_ferus_caballus/USA/176576/2019,AGCAAAGCAGG,,,,,,CCTTGTTTCTACT
A/swine/Thailand/CU-CG45/2011,AAAAGCAGG,,,,,,
A/swine/Mexico/8630565/2011,GCAAAAGCAGG,,,,,,CCTTGTTTCTAC
A/swine/Mexico/7932475/2010,GCAAAAGCAGG,,,,,,CCTTGTTTCTACT
A/swine/Mexico/9890611/2013,GCAAAAGCAGG,,,,,,CCTTGTTTCTACT
A/swine/Mexico/9783514/2013,GCAAAAGCAGG,,,,,,CCTTGTTTCTACT
A/swine/Mexico/9741876/2013,AAGCAGG,,,,,,CCTTGTTTCTACT
A/duck/Mongolia/29/2011,AAGCAGG,,,,,,CCTTGT
A/duck/Mongolia/922/2018,AAGCAGG,,,,,,CCT
A/duck/Mongolia/916/2018,AAGCAGG,,,,,,CCTTGTTT
A/duck/Mongolia/685/2010,AAGCAGG,,,,,,CCTTGTTT
A/duck/Hokkaido/W154/2017,AAGCAGG,,,,,,CCTTG
A/duck/Hokkaido/20/2015,AAGCAGG,,,,,,CCTTGT
A/duck/Mongolia/961/2019,AAGCAGG,,,,,,CCTTG
A/chicken/Pakistan/NARC-16945/2010,AAGCAGG,,,,,,CCTTGTTTCTACTTATAGTGAGTCGTATTAA
A/duck/Mongolia/314/2018,AAGCAGG,,,,,,CCTTGTT
A/swine/Oklahoma/008722/2007,AGCAGG,,,,,,
A/duck/Mongolia/646/2010,AGCAGG,,,,,,CCTTGT
A/duck/Mongolia/593/2010,AGCAGG,,,,,,CCTTGT
A/duck/Mongolia/394/2011,AGCAGG,,,,,,CCTT
A/duck/Mongolia/139/2010,AGCAGG,,,,,,CCTTGT
A/duck/Mongolia/723/2018,AGCAGG,,,,,,
A/duck/Mongolia/217/2018,AGCAGG,,,,,,CCTTG
A/duck/Mongolia/637/2019,AGCAGG,,,,,,CCT
A/duck/Mongolia/131/2010,AGCAGG,,,,,,CCTTG
A/duck/Mongolia/146/2010,AGCAGG,,,,,,CCTTGT
A/duck/Mongolia/30/2011,AGCAGG,,,,,,CCTTGT
A/duck/Hokkaido/W4/2010,AGCAGG,,,,,,CC
A/duck/Hokkaido/103/2014,AGCAGG,,,,,,CCTTG
A/duck/Mongolia/566/2018,AGCAGG,,,,,,C
A/duck/Mongolia/513/2018,AGCAGG,,,,,,C
A/duck/Hokkaido/17/2015,AGCAGG,,,,,,CCTTGT
A/duck/Mongolia/876/2019,AGCAGG,,,,,,CC
A/duck/Mongolia/575/2018,AGCAGG,,,,,,CC
A/duck/Mongolia/83/2015,AGCAGG,,,,,,CCTTG
A/mallard/Jiangxi/1-19/2010,AGCAGG,,,,,,
A/common_teal/Netherlands/7/2000,AGCAGG,,,,,,CCT
A/duck/Mongolia/MN18-1/2018,AGCAGG,,,,,,CCTTGTT
A/duck/Mongolia/621/2010,AGCAGG,,,,,,CCTTGT
A/duck/Mongolia/181/2010,AGCAGG,,,,,,CCTTGT
A/duck/Mongolia/248/2010,AGCAGG,,,,,,CCTTGTT
A/swine/Spenge/5117/2006,AGCAGG,,,,,,CCT
A/duck/Vietnam/LBM48/2011,CAGG,,,,,,
A/Mallard_Anas_platyrhynchos_/South_Korea/NU2019-63/2019,CAGG,,,,,,
A/muscovy_duck/Vietnam/LBM201/2012,CAGG,,,,,,
A/muscovy_duck/Vietnam/LBM437/2013,CAGG,,,,,,
A/muscovy_duck/Vietnam/LBM721/2014,GCAGG,,,,,,
A/muscovy_duck/Vietnam/LBM348/2013,GCAGG,,,,,,
A/duck/Hubei/ZYSYF2/2015,GCAGG,,,,,,
A/duck/Hubei/ZYSYF9/2015,GCAGG,,,,,,
A/duck/Hubei/ZYSYF21/2015,GCAGG,,,,,,
A/duck/Hokkaido/W150/2015,GCAGG,,,,,,
A/duck/Vietnam/HU5-481/2016,GCAGG,,,,,,
A/duck/Mongolia/996/2015,GCAGG,,,,,,CCTTG
A/duck/Mongolia/917/2018,GCAGG,,,,,,C
A/duck/Mongolia/919/2018,GCAGG,,,,,,CC
A/duck/Mongolia/726/2018,GCAGG,,,,,,CC
A/duck/Hokkaido/10/2015,GCAGG,,,,,,CCTTG
A/duck/Hokkaido/102/2014,GCAGG,,,,,,CCTTG
A/duck/Hokkaido/W151/2017,GCAGG,,,,,,CC
A/Wild_duck/South_Korea/KNU2020-134/2020,GCAGG,,,,,,
A/duck/Alberta/16/1976,GCAGG,,,,,,CCTTG
A/duck/Mongolia/144/2005,CGATAGCAGG,,,,,,CCTTG
A/duck/Mongolia/405/2015,CGATAGCAGG,,,,,,CCTTGTTT
A/duck/Mongolia/675/2015,CGATAGCAGG,,,,,,CCTTG
A/duck/Mongolia/62/2013,CGATAGCAGG,,,,,,CCTTG
A/duck/Mongolia/103/2011,CGATAGCAGG,,,,,,CCTTGTTT
A/duck/Mongolia/200/2015,CGATAGCAGG,,,,,,CCTTGTTTCTACT
A/duck/Mongolia/179/2015,CGATAGCAGG,,,,,,CCTTGCCACAACT
A/duck/Mongolia/129/2015,CGATAGCAGG,,,,,,CCTTGTTTCTACT
A/duck/Mongolia/496/2010,CGATAGCAGG,,,,,,CCTTGTT
A/Duck/Mongolia/2021-MG12/2021,CGTTGCAGG,,,,,,CCTTGTT
A/duck/Mongolia/116/2015,GCGAAAGCAGG,,,,,,CCTTGT
A/pigeon/Anhui/08/2013,TTATTCGTCTCAGGGAGCAAAAGCAGG,,,,,,CCTTGTTTCTACTAATACGAGACGATATA
A/duck/Mongolia/120/2011,TAGCAGG,,,,,,CCTTGT
A/duck/Mongolia/116/2011,TAGCAGG,,,,,,CCTTG
A/duck/South_Africa/1108/2004,G,,,,,,CCTTGTTTCTACT
A/mallard/Sweden/50/2002,G,,,,,,
A/duck/Mongolia/124/2015,GCGATAGCAGG,,,,,,CCTTGTTTCTACT
A/duck/Hokkaido/15/2015,AGCGATAGCAGG,,,,,,CCTTGTTTCTACT
A/duck/Mongolia/777/2015,AGCGATAGCAGG,,,,,,CCTTGTTTCTA
A/duck/Mongolia/211/2015,AGCGATAGCAGG,,,,,,CCTTGTTTCTA
A/swine/Chonburi/2002,AGCGATAGCAGG,,,,,,CCTTGTTTCTACT
A/swine/Hong_Kong/126/1982,AGCGATAGCAGG,,,,,,CCTTGTTTCAACT
A/duck/Mongolia/173/2015,ACCGATAGCAGG,,,,,,CCTTGT
A/Mallard/SanJiang/90/2006,CAAAAGCAGG,,,,,,CCTTCTTT
A/Duck/Mongolia/2021-MG09/2021,CGAGCAGG,,,,,,CCTTGTTTC
A/swan_goose/Jiangxi/H24/2014,AGG,,,,,,CCTTGTTTCTACT
A/swan_goose/Jiangxi/H23/2014,AGG,,,,,,CCTTGTTTCTACT
A/swine/Spain/14/2011,TTAGCGAAAAGCAGG,,,,,,CC
A/swine/Nakhon_Pathom/2002,ACCGAAAGCAGG,,,,,,CCTTGTATATACT
A/swine/Henan/1/2010,TATTCGTCTCAGGGAGCGAAAGCAGG,,,,,,CCTTGTTTCTACTAATACGAGACGATAT
A/swine/Hong_Kong/81/1978,AGCGATCGCAGG,,,,,,CCTTGTTTCTACT
A/seal/Massachusetts/3911/1992,,T,,,,,
A/canine/Beijing/20150120-265/2015,,,G,,,,
A/aquatic_bird/Jeonju/338/2008,,,,G,,,
A/blue-winged_teal/Texas/AI09-4405/2009,,,,,,A,
A/blue-winged_teal/Ohio/13OS3827/2013,,,,,,,CCTTGTTTCTACT
A/ruddy_duck/Nevada/AH0006859/2015,,,,,,,CCTTGTTTCTACT
A/blue-winged_teal/Lousiana/UGAI14-0553/2014,,,,,,,CCTTGTTTCTACT
A/blue-winged_teal/Lousiana/UGAI14-0462/2014,,,,,,,CCTTGTTTCTACT
A/redhead/Ohio/13OS0399/2013,,,,,,,CCTTGTTTCTACT
A/redhead/Ohio/13OS0373/2013,,,,,,,CCTTGTTTCTACT
A/mallard/Ohio/48/1986,,,,,,,CCTTGTTTCTACT
A/canine/Korea/DG1/2014,,,,,,,CCTTGTTTCTACT
A/turkey/BC/1529-3/2005,,,,,,,CCTTGTTTCTACT
A/swine/Minnesota/578/2007,,,,,,,CCTTGTTTCTACT
A/swine/Minnesota/1300/2007,,,,,,,CCTTGTTTCTACT
A/swine/QC/1685-5/2009,,,,,,,CCTTGTTTCTACT
A/swine/QC/1698-1/2009,,,,,,,CCTTGTTTCTACT
A/swine/QC/1840-2/2009,,,,,,,CCTTGTTTCTACT
A/swine/QC/382/2009,,,,,,,CCTTGTTTCTACT
A/swine/QC/440-A/2009,,,,,,,CCTTGTTTCTACT
A/swine/QC/414/2009,,,,,,,CCTTGTTTCTACT
A/swine/North_Carolina/2003,,,,,,,CCTTGTTTCTACT
A/duck/Moscow/4780/2012,,,,,,,CCTTGTTTCTACT
A/duck/Moscow/5169/2015,,,,,,,CCTTGTTTCTACT
A/swine/Bissendorf/IDT1864/2003,,,,,,,CCTTGTTTCTACT
A/swine/Denmark/14348-9/2003,,,,,,,CCTTGTTTCTACT
A/swine/Argentina/CIP051-A2/2008,,,,,,,CCTTGTTTCTACT
A/swine/Pingtung/199-2/2002,,,,,,,CCTTGTTTCTACT
A/mallard/Interior_Alaska/6MP0155/2006,,,,,,,CCTTGTTT
A/mallard/Minnesota/Sg-00573/2008,,,,,,,CCTTGTTT
A/American_wigeon/Ohio/16OS3665/2016,,,,,,,CCTTGTTT
A/mallard/Minnesota/Sg-00572/2008,,,,,,,CCTTGTTT
A/mallard/California/6471/2008,,,,,,,CCTTGTTTCTAC
A/ruddy_turnstone/Delaware_Bay/606/2017,,,,,,,CCTTGTTTCTA
A/blue-winged_teal/Ohio/908/2002,,,,,,,CCTTGTTTCTA
A/mallard/Interior_Alaska/6MP0972R1/2006,,,,,,,CCTTG
A/mallard/Interior_Alaska/6MP0951/2006,,,,,,,CCTTG
A/mallard/Interior_Alaska/6MP0992/2006,,,,,,,CCTTG
A/mallard/Interior_Alaska/6MP0991/2006,,,,,,,CCTTG
A/pintail/Alaska/53/2005,,,,,,,ACCTTGTTTC
A/canine/Henan/L03/2018,,,,,,,CCTAATACAAAAACGATAT
A/canine/Henan/L06/2018,,,,,,,CCTAAAAAAAAAAACAATATTT
A/canine/Guangdong/GY01/2018,,,,,,,ACTGAC
A/Bucefala_clangula/Buryatia/652/1988,,,,,,,CCTTGTT
A/harbor_seal/New_Hampshire/179629/2011,,,,,,,CCTTGTT
A/avian/Japan/8KI0162/2008,,,,,,,CC
A/Anseriformes/Anhui/TT41/2014,,,,,,,CC
A/mallard_duck/Minnesota/Sg-00100/2007,,,,,,,CC
A/duck/Moscow/4242/2010,,,,,,,CCTTGTTTC
A/American_green-winged_teal/Alaska/44493-579/2009,,,,,,,CCTT
A/swine/Spain/13/2010,,,,,,,CTGTTTTTTT
A/swine/Brabant/1984,,,,,,,CCTGT
A/mallard/Interior_Alaska/9BM11867R0/2009,,,,,,,A
A/pintail/Alberta/105/1991,,,,,,,A
A/American_green-winged_teal/Wisconsin/08OS2292/2008,,,,,,,CCTTGTTTCT
