strain,insertion: 56bp @ ref pos 0,insertion: 1bp @ ref pos 5,insertion: 8bp @ ref pos 12,insertion: 1bp @ ref pos 31,insertion: 209bp @ ref pos 464,insertion: 393bp @ ref pos 573,insertion: 1bp @ ref pos 836,insertion: 3bp @ ref pos 853,insertion: 1bp @ ref pos 856,insertion: 1bp @ ref pos 859,insertion: 20bp @ ref pos 862,insertion: 56bp @ ref pos 865
A/mallard/Oregon/44221-105/2006,GG,,,,,,,,,,,
A/northern_pintail/Interior_Alaska/6MP0814/2006,GG,,,,,,,,,,,
A/duck/Mongolia/620/2018,GG,,,,,,,,,,,C
A/Duck/Mongolia/2021-MG02/2021,GG,,,,,,,,,,,CCTTG
A/Wild_duck/South_Korea/KNU2020-104/2020,GG,,,,,,,,,,,CCTTG
A/duck/Vietnam/LBM553/2013,GG,,,,,,,,,,,
A/duck/Vietnam/HU5-481/2016,GG,,,,,,,,,,,
A/mallard/South_Dakota/AH0014937/2015,GG,,,,,,,,,,,CCTTGTTTCTACT
A/green-winged_teal/Ohio/16OS1016/2016,GG,,,,,,,,,,,
A/swine/Texas/4199-2/1998,GG,,,,,,,,,,,
A/American_green-winged_teal/Alaska/44155-169/2006,AGCAGG,,,,,,,,,,,CCT
A/duck/Mongolia/593/2010,AGCAGG,,,,,,,,,,,CCTTG
A/duck/Mongolia/672/2010,AGCAGG,,,,,,,,,,,CCTTG
A/duck/Mongolia/444/2010,AGCAGG,,,,,,,,,,,CCTTG
A/duck/Mongolia/116/2015,AGCAGG,,,,,,,,,,,CCTTGT
A/Duck/Mongolia/2021-MG12/2021,AGCAGG,,,,,,,,,,,CCTTGTTTTTTAGT
A/Duck/Mongolia/2021-MG07/2021,AGCAGG,,,,,GGAATGATAACTCAATTCGAGCGTCTGAAAATATACAGAGATTCGCTTGGGGAGTCCGTGATGAGAATGGGGGACCTCCACTCCCTCCAAAACAGAAACGCTACATGGCGTGACGAGTTGAGTCAGAAGTTTGAAGAGATCAGATGGCTCATTGCCGAATGTAGAAATATACTGACAAAGACTGAAAATAGCTTTGAACAGATAACATTTTTGCAAGCATTGCAACTCTTACTTGAAGTTGAGAGTGAGATAAGGACTTTCTCTTTTCAGCTTATTTAATACTAAAAAACACCCTTGTTTTTTAGTATGGATTCCAACACGACAACCTCGTTTCAGGACATTCTACAGAGGATGTCAAAAATGCAATTGGAATCCTCATCGGTGGACTTGAAT,,,,,,CCTTGTTTTTTAGT
A/mallard_duck/Netherlands/30/2010,AGCAGG,,,,,,,,,,,CCTTGTTTCTACT
A/duck/Mongolia/124/2015,AGCAGG,,,,,,,,,,,CCTTGTTTC
A/Wild_duck/South_Korea/KNU2020-134/2020,AGCAGG,,,,,,,,,,,
A/Anas_platyrhynchos/Belgium/7827/2018,AGCAGG,,,,,,,,,,,CCTTGTT
A/mallard_duck/Netherlands/34/2010,AGCAGG,,,,,,,,,,,CCTTGTTTCTACT
A/turnstone/Netherlands/1/2010,AGCAGG,,,,,,,,,,,CCTTGTTTCTACT
A/white-fronted_goose/Mongolia/1-125/2008,AGCAGG,,,,,,,,,,,CCTTGTTTCTACT
A/duck/Mongolia/619/2019,AGCAGG,,,,,,,,,,,CCTTG
A/duck/Mongolia/637/2019,AGCAGG,,,,,,,,,,,CCTTG
A/duck/Mongolia/665/2010,AGCAGG,,,,,,,,,,,CCTTG
A/duck/Hokkaido/20/2015,AGCAGG,,,,,,,,,,,CCTTGT
A/duck/Mongolia/122/2015,AGCAGG,,,,,,,,,,,CCTTG
A/mallard/Netherlands/5/2001,AGCAGG,,,,,,,,,,,CCTTGT
A/duck/Moscow/4788/2012,AGCAGG,A,,,,,,,,,,CCTTGTTT
A/duck/Mongolia/961/2019,AGCAGG,,,,,,,,,,,CCTTG
A/duck/Mongolia/941/2018,AGCAGG,,,,,,,,,,,CCTTG
A/duck/Mongolia/217/2018,AGCAGG,,,,,,,,,,,CCTTG
A/duck/Mongolia/918/2018,AGCAGG,,,,,,,,,,,CCTTG
A/duck/Mongolia/314/2018,AGCAGG,,,,,,,,,,,CCTTG
A/duck/Mongolia/914/2018,AGCAGG,,,,,,,,,,,CCTTGT
A/duck/Mongolia/920/2018,AGCAGG,,,,,,,,,,,CCTTGT
A/duck/Mongolia/916/2018,AGCAGG,,,,,,,,,,,CCTTGT
A/duck/Mongolia/30/2015,AGCAGG,,,,,,,,,,,CCTTGTTTC
A/swine/Missouri/A01476458/2013,AGCAGG,,,,,,,,,,,
A/duck/Hokkaido/103/2014,GCAGG,,,,,,,,,,,CCTTG
A/duck/Mongolia/996/2015,GCAGG,,,,,,,,,,,CCTTG
A/duck/Mongolia/139/2010,GCAGG,,,,,,,,,,,CCTTG
A/duck/Mongolia/1047/2009,GCAGG,,,,,,,,,,,CCTTG
A/duck/Mongolia/131/2010,GCAGG,,,,,,,,,,,CCTTG
A/duck/Mongolia/181/2010,GCAGG,,,,,,,,,,,CCTTG
A/duck/Mongolia/646/2010,GCAGG,,,,,,,,,,,CCTTG
A/duck/Mongolia/621/2010,GCAGG,,,,,,,,,,,CCTTG
A/duck/Mongolia/116/2011,GCAGG,,,,,,,,,,,CCTTG
A/duck/Mongolia/487/2011,GCAGG,,,,,,,,,,,CCTTG
A/duck/Mongolia/30/2011,GCAGG,,,,,,,,,,,CCTTG
A/duck/Mongolia/120/2011,GCAGG,,,,,,,,,,,CCTTGT
A/duck/Mongolia/27/2011,GCAGG,,,,,,,,,,,CCTTGT
A/duck/Mongolia/144/2005,GCAGG,,,,,,,,,,,CCTTG
A/duck/Mongolia/146/2010,GCAGG,,,,,,,,,,,CCTTG
A/duck/Mongolia/675/2015,GCAGG,,,,,,,,,,,CCTTG
A/duck/Mongolia/569/2010,GCAGG,,,,,,,,,,,CCTTG
A/duck/Mongolia/685/2010,GCAGG,,,,,,,,,,,CCTTGT
A/mallard/Sweden/50/2002,GCAGG,,,,,,,,,,,CCTTGT
A/duck/Hokkaido/W151/2017,GCAGG,,,,,,,,,,,CCTTG
A/duck/Hokkaido/W144/2017,GCAGG,,,,,,,,,,,CCTTG
A/duck/Hokkaido/10/2015,GCAGG,,,,,,,,,,,CCTTG
A/duck/Hokkaido/12/2015,GCAGG,,,,,,,,,,,CCTTG
A/duck/Hokkaido/13/2015,GCAGG,,,,,,,,,,,CCTTG
A/duck/Hokkaido/14/2015,GCAGG,,,,,,,,,,,CCTTG
A/duck/Mongolia/83/2015,GCAGG,,,,,,,,,,,CCTTGTTTCTAC
A/duck/Mongolia/876/2019,GCAGG,,,,,,,,,,,CCTTG
A/duck/Hokkaido/91/2014,GCAGG,,,,,,,,,,,CCTTG
A/swine/Quebec/1561816/2014,GCAGG,,,,,,,,,,,CCTTGTTTCTACT
A/blue-winged_teal/Guatemala/CIP049-05/2010,AGCAAAAGCAGG,,,,,,,,,,,CCTTGTTTCTACT
A/mallard/New_York/6874/1978,AGCAAAAGCAGG,,,,,,,,,,,CCTTGTTTCTACT
A/mallard/Alberta/118/1995,AGCAAAAGCAGG,,,,,,,,,,,CCTTGTTTCTACT
A/Mallard/Pennsylvania/AH0119503S.8.A/2017,AGCAAAAGCAGG,,,,,,,,,,,CCTTGTTTCTACT
A/Mallard/Ohio/17OS1779/2017,AGCAAAAGCAGG,,,,,,,,,,,CCTTGTTTCTACT
A/Mallard/Ohio/17OS1759/2017,AGCAAAAGCAGG,,,,,,,,,,,CCTTGTTTCTACT
A/Blue-winged_Teal/Wisconsin/AH0099825S.8.A/2016,AGCAAAAGCAGG,,,,,,,,,,,CCTTGTTTCTACT
A/Northern_Pintail/Alaska/19TL00162/2019,AGCAAAAGCAGG,,,,,,,,,,,CCTTGTTTCTACT
A/pintail_duck/Alberta/169/1980,AGCAAAAGCAGG,,,,,,,,,,,CCTTGTTTCTACT
A/American_Green-Winged_Teal/Alaska/19TL00145/2019,AGCAAAAGCAGG,,,,,,,,,,,CCTTGTTTCTACT
A/black_skimmer/Chile/C26100/2017,AGCAAAAGCAGG,,,,,,,,,,,CCTTGTTTCTACT
A/mallard/Mongolia/1551/2010,AGCAAAAGCAGG,,,,,,,,,,,CCTTGTTTCTACT
A/velvet_scoter/Mongolia/969V/2009,AGCAAAAGCAGG,,,,,,,,,,,CCTTGTTTCTACT
A/ruddy_shelduck/Mongolia/1-26/2007,AGCAAAAGCAGG,,,,,,,,,,,CCTTGTTTCTACT
A/whooper_swan/Mongolia/1-23/2007,AGCAAAAGCAGG,,,,,,,,,,,CCTTGTTTCTACT
A/northern_shoveler/Mongolia/957/2009,AGCAAAAGCAGG,,,,,,,,,,,CCTTGTTTCTACT
A/snow_goose/Mongolia/1-44/2008,AGCAAAAGCAGG,,,,,,,,,,,CCTTGTTTCTACT
A/whooper_swan/Mongolia/1-27/2007,AGCAAAAGCAGG,,,,,,,,,,,CCTTGTTTCTACT
A/whooper_swan/Mongolia/1-17/2007,AGCAAAAGCAGG,,,,,,,,,,,CCTTGTTTCTACT
A/duck/Assam/DUOR1512100030/2015,AGCAAAAGCAGG,,,,,,,,,,,CCTTGTTTCTACT
A/duck/Kerala/DUTR1411100009/2014,AGCAAAAGCAGG,,,,,,,,,,,
A/Eurasian_teal/Netherlands/1/2011,AGCAAAAGCAGG,,,,,,,,,,,CCTTGTTTCTACT
A/duck/Hokkaido/5/1977,AGCAAAAGCAGG,,,,,,,,,,,CCTTGTTTCTACT
A/duck/Chabarovsk/1610/1972,AGCAAAAGCAGG,,,,,,,,,,,CCTTGTTTCTACT
A/swine/Kazakhstan/106/1985,AGCAAAAGCAGG,,,,,,,,,,,CCTTGTTTCTACT
A/northern_pintail/Alaska/580/2014,AGCAAAAGCAGG,,,,,,,,,,,CCTTGTTTCTACT
A/northern_pintail/Alaska/562/2014,AGCAAAAGCAGG,,,,,,,,,,,CCTTGTTTCTACT
A/northern_pintail/Alaska/523/2014,AGCAAAAGCAGG,,,,,,,,,,,CCTTGTTTCTACT
A/chicken/Guangxi/125C8/2012,AGCAAAAGCAGG,,,,,,,,,,,CCTTGTTTCTACT
A/equine/Jilin/1/1989,AGCAAAAGCAGG,,,,,,,,,,,CCTTGTTTCTACT
A/aquatic_bird/Jeonju/KN4/2005,AGCAAAAGCAGG,,,,,,,,,,,
A/duck/Moscow/4203/2010,AGCAAAAGCAGG,,,,,,,,,,,
A/Domestic_duck/Iran/domestic_duck_375/2017,AGCAAAAGCAGG,,,,,,,,,,,CCTTGTTTC
A/Domestic_duck/Iran/domestic_duck_379/2017,AGCAAAAGCAGG,,,,,,,,,,,CCTTGTTTCTACT
A/domestic_green-winged_teal/Hunan/2036/2007,AGCAAAAGCAGG,,,,,,,,,,,CCTTGTTTCTACT
A/mallard_duck/Netherlands/34/2006,AGCAAAAGCAGG,,,,,,,,,,,CCTTGTTTCTACT
A/turnstone/Netherlands/4/2008,AGCAAAAGCAGG,,,,,,,,,,,CCTTGTTTCTACT
A/turnstone/Netherlands/3/2008,AGCAAAAGCAGG,,,,,,,,,,,CCTTGTTTCTACT
A/gadwall_duck/Netherlands/3/2006,AGCAAAAGCAGG,,,,,,,,,,,CCTTGTTTCTACT
A/Anas_platyrhynchos/Belgium/11027_19/2017,AGCAAAAGCAGG,,,,,,,,,,,CCTTGTTTCTACT
A/duck/Guangxi/112D4/2012,AGCAAAAGCAGG,,,,,,,,,,,CCTTGTTTCTACT
A/mallard_duck/Netherlands/13/2012,AGCAAAAGCAGG,,,,,,,,,,,CCTTGTTTCTACT
A/mallard_duck/Netherlands/6/2013,AGCAAAAGCAGG,,,,,,,,,,,CCTTGTTTCTACT
A/duck/Vietnam/QN6586/2020,AGCAAAAGCAGG,,,,,,,,,,,CCTTGTTTCTACT
A/duck/Vietnam/QN6589/2020,AGCAAAAGCAGG,,,,,,,,,,,CCTTGTTTCTACT
A/duck/Vietnam/HN6471/2020,AGCAAAAGCAGG,,,,,,,,,,,CCTTGTTTCTACT
A/duck/Vietnam/HN6479/2020,AGCAAAAGCAGG,,,,,,,,,,,CCTTGTTTCTACT
A/Muscovy_duck/Vietnam/HN5482/2019,AGCAAAAGCAGG,,,,,,,,,,,CCTTGTTTCTACT
A/duck/Vietnam/HN5003/2018,AGCAAAAGCAGG,,,,,,,,,,,CCTTGTTTCTACT
A/duck/Vietnam/HN4931/2018,AGCAAAAGCAGG,,,,,,,,,,,CCTTGTTTCTACT
A/duck/Vietnam/HN5426/2019,AGCAAAAGCAGG,,,,,,,,,,,CCTTGTTTCTACT
A/pintail/Mongolia/2-65/2007,AGCAAAAGCAGG,,,,,,,,,,,CCTTGTTTCTACT
A/pigeon/Guangxi/020P/2009,AGCAAAAGCAGG,,,,,,,,,,,CCTTGTTTCTACT
A/goose/Guangxi/020G/2009,AGCAAAAGCAGG,,,,,,,,,,,CCTTGTTTCTACT
A/chicken/Guangxi/015C10/2009,AGCAAAAGCAGG,,,,,,,,,,,CCTTGTTTCTACT
A/duck/Guangxi/057D6/2010,AGCAAAAGCAGG,,,,,,,,,,,CCTTGTTTCTACT
A/chicken/Guangxi/073C2/2010,AGCAAAAGCAGG,,,,,,,,,,,CCTTGTTTCTACT
A/whooper_swan/Mongolia/1-14/2007,AGCAAAAGCAGG,,,,,,,,,,,CCTTGTTTCTACT
A/duck/Moscow/5881/2021,AGCAAAAGCAGG,,,,,,,,,,,CCTTGTTTCTACT
A/duck/Shanghai/74-1/2009,AGCAAAAGCAGG,,,,,,,,,,,CCTTGTTTCTACT
A/goose/Zambia/06/2008,AGCAAAAGCAGG,,,,,,,,,,,CCTTGTTTCTACT
A/goose/Zambia/05/2008,AGCAAAAGCAGG,,,,,,,,,,,CCTTGTTTCTACT
A/chicken/Nanchang/7-010/2000,AGCAAAAGCAGG,,,,,,,,,,,CCTTGTTTCTACT
A/quail/Nanchang/7-026/2000,AGCAAAAGCAGG,,,,,,,,,,,CCTTGTTTCTACT
A/duck/Nanchang/8-174/2000,AGCAAAAGCAGG,,,,,,,,,,,CCTTGTTTCTACT
A/mallard_duck/Netherlands/7/2008,AGCAAAAGCAGG,,,,,,,,,,,CCTTGTTTCTACT
A/duck/Vietnam/HN5001/2018,AGCAAAAGCAGG,,,,,,,,,,,CCTTGTTTCTACT
A/pigeon/Guangxi/128P9/2012,AGCAAAAGCAGG,,,,,,,,,,,CCTTGTTTCTACT
A/chicken/Nanjing/B854-2/2011,AGCAAAAGCAGG,,,,,,,,,,,CCTTGTTTCTACT
A/duck/Moscow/5037/2014,AGCAAAAGCAGG,,,,,,,,,,,CCTTGTTTC
A/duck/Moscow/5163/2015,AGCAAAAGCAGG,,,,,,,,,,,CCTTGTTTCTACT
A/duck/Moscow/5169/2015,AGCAAAAGCAGG,,,,,,,,,,,CCTTGTTTCTACT
A/duck/Moscow/5171/2015,AGCAAAAGCAGG,,,,,,,,,,,CCTTGTTTCTACT
A/duck/Moscow/5172/2015,AGCAAAAGCAGG,,,,,,,,,,,CCTTGTTTCTACT
A/duck/Chernogolovka/5897/2021,AGCAAAAGCAGG,,,,,,,,,,,CCTTGTTTCTACT
A/duck/Chernogolovka/5908/2021,AGCAAAAGCAGG,,,,,,,,,,,CCTTGTTTCTACT
A/duck/Vietnam/HN5953/2019,AGCAAAAGCAGG,,,,,,,,,,,CCTTGTTTCTACT
A/duck/Vietnam/HN5958/2019,AGCAAAAGCAGG,,,,,,,,,,,CCTTGTTTCTACT
A/duck/Vietnam/HN5955/2019,AGCAAAAGCAGG,,,,,,,,,,,CCTTGTTTCTACT
A/duck/Vietnam/HN5956/2019,AGCAAAAGCAGG,,,,,,,,,,,CCTTGTTTCTACT
A/duck/Vietnam/HN5952/2019,AGCAAAAGCAGG,,,,,,,,,,,CCTTGTTTCTACT
A/duck/Guangxi/175D12/2014,AGCAAAAGCAGG,,,,,,,,,,,CCTTGTTTCTACT
A/duck/Vietnam/HN6219/2020,AGCAAAAGCAGG,,,,,,,,,,,CCTTGTTTCTACT
A/Muscovy_duck/Vietnam/HN6220/2020,AGCAAAAGCAGG,,,,,,,,,,,CCTTGTTTCTACT
A/duck/Vietnam/HN6211/2020,AGCAAAAGCAGG,,,,,,,,,,,CCTTGTTTCTACT
A/duck/Vietnam/HN6561/2020,AGCAAAAGCAGG,,,,,,,,,,,CCTTGTTTCTACT
A/mallard/Xuyi/14/2015,AGCAAAAGCAGG,,,,,,,,,,,CCTTGTTTCTACT
A/duck/China/322D22/2018,AGCAAAAGCAGG,,,,,,,,,,,CCTTGTTTCTACT
A/chicken/Guangxi/165C7/2014,AGCAAAAGCAGG,,,,,,,,,,,CCTTGTTTCTACT
A/dunlin/Netherlands/2/2007,AGCAAAAGCAGG,,,,,,,,,,,CCTTGTTTCTACT
A/dunlin/Netherlands/3/2007,AGCAAAAGCAGG,,,,,,,,,,,CCTTGTTTCTACT
A/turnstone/Netherlands/2/2007,AGCAAAAGCAGG,,,,,,,,,,,CCTTGTTTCTACT
A/turnstone/Netherlands/1/2007,AGCAAAAGCAGG,,,,,,,,,,,CCTTGTTTCTACT
A/Muscovy_duck/Vietnam/QN6297/2020,AGCAAAAGCAGG,,,,,,,,,,,CCTTGTTTCTACT
A/Muscovy_duck/Vietnam/QN6305/2020,AGCAAAAGCAGG,,,,,,,,,,,CCTTGTTTCTACT
A/Muscovy_duck/Vietnam/HN4910/2018,AGCAAAAGCAGG,,,,,,,,,,,CCTTGTTTCTACT
A/Muscovy_duck/Vietnam/HN4903/2018,AGCAAAAGCAGG,,,,,,,,,,,CCTTGTTTCTACT
A/duck/Vietnam/HN4917/2018,AGCAAAAGCAGG,,,,,,,,,,,CCTTGTTTCTACT
A/Muscovy_duck/Vietnam/HN5481/2019,AGCAAAAGCAGG,,,,,,,,,,,CCTTGTTTCTACT
A/duck/Vietnam/HN4798/2018,AGCAAAAGCAGG,,,,,,,,,,,CCTTGTTTCTACT
A/duck/Vietnam/HN4793/2018,AGCAAAAGCAGG,,,,,,,,,,,CCTTGTTTCTACT
A/duck/Vietnam/HN4797/2018,AGCAAAAGCAGG,,,,,,,,,,,CCTTGTTTCTACT
A/duck/Shanghai/C84/2009,AGCAAAAGCAGG,,,,,,,,,,,CCTTGTTTCTACT
A/mallard/Jiangxi/1-4/2010,AGCAAAAGCAGG,,,,,,,,,,,CCTTGTTTCTACT
A/duck/Guangxi/135D20/2013,AGCAAAAGCAGG,,,,,,,,,,,CCTTGTTTCTACT
A/chicken/Guangxi/135C10/2013,AGCAAAAGCAGG,,,,,,,,,,,CCTTGTTTCTACT
A/duck/Vietnam/HN5684/2019,AGCAAAAGCAGG,,,,,,,,,,,CCTTGTTTCTACT
A/duck/Vietnam/HN5681/2019,AGCAAAAGCAGG,,,,,,,,,,,CCTTGTTTCTACT
A/duck/Vietnam/HN5687/2019,AGCAAAAGCAGG,,,,,,,,,,,CCTTGTTTCTACT
A/duck/Vietnam/HN5686/2019,AGCAAAAGCAGG,,,,,,,,,,,CCTTGTTTCTACT
A/duck/Vietnam/HN5688/2019,AGCAAAAGCAGG,,,,,,,,,,,CCTTGTTTCTACT
A/Muscovy_duck/Vietnam/HN5629/2019,AGCAAAAGCAGG,,,,,,,,,,,CCTTGTTTCTACT
A/goose/Guangxi/139G20/2013,AGCAAAAGCAGG,,,,,,,,,,,CCTTGTTTCTACT
A/duck/Vietnam/HN4911/2018,AGCAAAAGCAGG,,,,,,,,,,,CCTTGTTTCTACT
A/Duck/Foshan/11/2019,AGCAAAAGCAGG,,,,,,,,,,,CCTTGTTTTTTAT
A/duck/Guangxi/015D2/2009,AGCAAAAGCAGG,,,,,,,,,,,CCTTGTTTCTACT
A/duck/Hebei/B1646-2/2011,AGCAAAAGCAGG,,,,,,,,,,,CCTTGTTTCTACT
A/duck/Hebei/B1645-2/2011,AGCAAAAGCAGG,,,,,,,,,,,TCTTGTTTCTACT
A/duck/Hebei/B1647-1/2011,AGCAAAAGCAGG,,,,,,,,,,,CCTTGTTTCTACT
A/shearwater/Australia/405/1978,AGCAAAAGCAGG,,,,,,,,,,,CCTTGTTTCTACT
A/Mallard/Pennsylvania/AH0119429S.8.B/2017,AGCAAAAGCAGG,,,,,,,,,,,CCTTGTTTCTACT
A/Mallard/Ohio/17OS1798/2017,AGCAAAAGCAGG,,,,,,,,,,,CCTTGTTTCTACT
A/harbor_seal/Massachusetts/1/2011,AGCAAAAGCAGG,,,,,,,,,,,CCTTGTTTCTAC
A/harbor_seal/New_Hampshire/SL06B48H3/2018,AGCAAAAGCAGG,,,,,,,,,,,CCTTGTTTCTACT
A/harbor_seal/New_Hampshire/SL06B72H3/2018,AGCAAAAGCAGG,,,,,,,,,,,CCTTGTTTCTACT
A/harbor_seal/New_Hampshire/ES10B48H3/2019,AGCAAAAGCAGG,,,,,,,,,,,CCTTGTTTCTACT
A/harbor_seal/New_Hampshire/M11t72H3/2018,AGCAAAAGCAGG,,,,,,,,,,,CCTTGTTTCTACT
A/harbor_seal/New_Hampshire/ES10B72H3/2019,AGCAAAAGCAGG,,,,,,,,,,,CCTTGTTTCTACT
A/harbor_seal/New_Hampshire/M15t72H3/2018,AGCAAAAGCAGG,,,,,,,,,,,CCTTGTTTCTACT
A/harbor_seal/New_Hampshire/UCD179629mdck/2017,AGCAAAAGCAGG,,,,,,,,,,,CCTTGTTTCTACT
A/mallard/California/M11t72maH3/2018,AGCAAAAGCAGG,,,,,,,,,,,CCTTGTTTCTACT
A/blue-winged_teal/Alberta/120/1991,AGCAAAAGCAGG,,,,,,,,,,,CCTTGTTTCTACT
A/mallard/Alberta/635/1983,AGCAAAAGCAGG,,,,,,,,,,,CCTTGTTTCTACT
A/mallard_duck/New_York/157/1986,AGCAAAAGCAGG,,,,,,,,,,,CCTTGTTTCTACT
A/American_Green-winged_Teal/17OS4133/2017,AGCAAAAGCAGG,,,,,,,,,,,CCTTGTTTCTACT
A/northern_pintail/Alaska/861/2014,AGCAAAAGCAGG,,,,,,,,,,,CCTTGTTTCTACT
A/northern_pintail/Alaska/830/2014,AGCAAAAGCAGG,,,,,,,,,,,CCTTGTTTCTACT
A/American_green-winged_teal/Alaska/478/2014,AGCAAAAGCAGG,,,,,,,,,,,CCTTGTTTCTACT
A/northern_pintail/Alaska/870/2014,AGCAAAAGCAGG,,,,,,,,,,,CCTTGTTTCTACT
A/blue-winged_teal/Guatemala/CIP049-I_H116-17/2013,AGCAAAAGCAGG,,,,,,,,,,,CCTTGTTTCTACT
A/blue-winged_teal/Guatemala/CIP049-S_H116-17/2013,AGCAAAAGCAGG,,,,,,,,,,,CCTTGTTTCTACT
A/blue-winged_teal/Guatemala/CIP049-S_H116-76/2013,AGCAAAAGCAGG,,,,,,,,,,,CCTTGTTTCTACT
A/blue-winged_teal/Guatemala/CIP049-I_H115-29/2013,AGCAAAAGCAGG,,,,,,,,,,,CCTTGTTTCTACT
A/blue-winged_teal/Guatemala/CIP049-S_H115-29/2013,AGCAAAAGCAGG,,,,,,,,,,,CCTTGTTTCTACT
A/redhead/Ohio/13OS0373/2013,AGCAAAAGCAGG,,,,,,,,,,,CCTTGTTTCTACT
A/blue-winged_teal/Guatemala/CIP049-I_H116-16/2013,AGCAAAAGCAGG,,,,,,,,,,,CCTTGTTTCTACT
A/American_green-winged_teal/Alaska/306/2014,AGCAAAAGCAGG,,,,,,,,,,,CCTTGTTTCTACT
A/mallard_duck/Alberta/331/1985,AGCAAAAGCAGG,,,,,,,,,,,CCTTGTTTCTACT
A/canine/Florida/20170606-11/2017,AGCAAAAGCAGG,,,,,,,,,,,CCTTGTTTCTACT
A/canine/Florida/20170606-17/2017,AGCAAAAGCAGG,,,,,,,,,,,CCTTGTTTCTACT
A/canine/Florida/20170606-18/2017,AGCAAAAGCAGG,,,,,,,,,,,CCTTGTTTCTACT
A/canine/Florida/20170606-7/2017,AGCAAAAGCAGG,,,,,,,,,,,CCTTGTTTCTACT
A/canine/Florida/20170606-8/2017,AGCAAAAGCAGG,,,,,,,,,,,CCTTGTTTCTACT
A/canine/Kentucky/20170606-23/2017,AGCAAAAGCAGG,,,,,,,,,,,CCTTGTTTCTACT
A/canine/Wisconsin/19137/2016,AGCAAAAGCAGG,,,,,,,,,,,CCTTGTTTCTACT
A/canine/Georgia/104940/2015,AGCAAAAGCAGG,,,,,,,,,,,CCTTGTTTCTACT
A/canine/Illinois/M16-30480-3-1/2016,AGCAAAAGCAGG,,,,,,,,,,,CCTTGTTTCTACT
A/canine/Illinois/20170110-1G4/2016,AGCAAAAGCAGG,,,,,,,,,,,CCTTGTTTCTACT
A/canine/Illinois/20170110-1G12/2016,AGCAAAAGCAGG,,,,,,,,,,,CCTTGTTTCTACT
A/canine/Illinois/187427-16-7/2016,AGCAAAAGCAGG,,,,,,,,,,,CCTTGTTTCTACT
A/canine/Illinois/M17-05782-4-1/2017,AGCAAAAGCAGG,,,,,,,,,,,CCTTGTTTCTACT
A/canine/Illinois/M17-05782-1-1/2017,AGCAAAAGCAGG,,,,,,,,,,,CCTTGTTTCTACT
A/canine/Illinois/M16-25374-14-1/2016,AGCAAAAGCAGG,,,,,,,,,,,CCTTGTTTCTACT
A/canine/Illinois/M16-16391-2-1/2016,AGCAAAAGCAGG,,,,,,,,,,,CCTTGTTTCTACT
A/canine/Illinois/M17-05782-8-1/2017,AGCAAAAGCAGG,,,,,,,,,,,CCTTGTTTCTACT
A/canine/Illinois/M16-25374-19-1/2016,AGCAAAAGCAGG,,,,,,,,,,,CCTTGTTTCTACT
A/canine/Illinois/20170110-2F1/2016,AGCAAAAGCAGG,,,,,,,,,,,CCTTGTTTCTACT
A/canine/Illinois/20170110-2G1/2016,AGCAAAAGCAGG,,,,,,,,,,,CCTTGTTTCTACT
A/canine/South_Korea/20170110-1F1/2016,AGCAAAAGCAGG,,,,,,,,,,,CCTTGTTTCTACT
A/canine/Korea/BD-1/2013,AGCAAAAGCAGG,,,,,,,,,,,CCTTGTTTCTACT
A/canine/Korea/DG1/2014,AGCAAAAGCAGG,,,,,,,,,,,CCTTGTTTCTACT
A/canine/Heilongjiang/L1/2013,AGCAAAAGCAGG,,,,,,,,,,,CCTTGTTTCTACT
A/canine/Guangdong/2/2011,AGCAAAAGCAGG,,,,,,,,,,,CCTTGTTTCTACT
A/feline/Guangdong/1/2012,AGCAAAAGCAGG,,,,,,,,,,,CCTTGTTTCTACT
A/canine/Guangdong/3/2011,AGCAAAAGCAGG,,,,,,,,,,,CCTTGTTTCTACT
A/feline/Heilongjiang/ZH/2014,AGCAAAAGCAGG,,,,,,,,,,,CCTTGTTTCTACT
A/canine/Guangdong/02/2013,AGCAAAAGCAGG,,,,,,,,,,,CCTTGTTTCTACT
A/canine/Guangdong/01/2014,AGCAAAAGCAGG,,,,,,,,,,,CCTTGTTTCTACT
A/canine/Guangdong/02/2014,AGCAAAAGCAGG,,,,,,,,,,,CCTTGTTTCTACT
A/canine/Guangdong/03/2013,AGCAAAAGCAGG,,,,,,,,,,,CCTTGTTTCTACT
A/canine/Guangdong/04/2013,AGCAAAAGCAGG,,,,,,,,,,,CCTTGTTTCTACT
A/canine/Guangdong/01/2013,AGCAAAAGCAGG,,,,,,,,,,,CCTTGTTTCTACT
A/canine/Guangdong/DY1/2019,AGCAAAAGCAGG,,,,,,,,,,,CCTTGTTTCTACT
A/canine/Korea/MV1/2012,AGCAAAAGCAGG,,,,,,,,,,,CCTTGTTTCTACT
A/canine/Korea/01/2007,AGCAAAAGCAGG,,,,,,,,,,,CCTTGTTTCTACT
A/canine/California/20170411-20/2017,AGCAAAAGCAGG,,,,,,,,,,,CCTTGTTTCTACT
A/swine/Feldbach/6605/2007,AGCAAAAGCAGG,,,,,,,,,,,CCTTGTTTCTACT
A/swine/Erwitte/5477/2006,AGCAAAAGCAGG,,,,,,,,,,,CCTTGTTTCTACT
A/swine/Feldbach/4262/2005,AGCAAAAGCAGG,,,,,,,,,,,CCTTGTTTCTACT
A/swine/Herzebrock-Clarholz/4193/2005,AGCAAAAGCAGG,,,,,,,,,,,CCTTGTTTCTACT
A/swine/Geseke/3766/2004,AGCAAAAGCAGG,,,,,,,,,,,CCTTGTTTCTACT
A/swine/Hoerstel/3763/2004,AGCAAAAGCAGG,,,,,,,,,,,CCTTGTTTCTACT
A/swine/Sassenberg/3762/2004,AGCAAAAGCAGG,,,,,,,,,,,CCTTGTTTCTACT
A/swine/Vreden/5982/2007,AGCAAAAGCAGG,,,,,,,,,,,CCTTGTTTCTACT
A/swine/Uedem/3024/2004,AGCAAAAGCAGG,,,,,,,,,,,CCTTGTTTCTACT
A/swine/Delmenhorst/3025/2004,AGCAAAAGCAGG,,,,,,,,,,,CCTTGTTTCTACT
A/swine/Hassendorf/2929/2004,AGCAAAAGCAGG,,,,,,,,,,,CCTTGTTTCTACT
A/swine/Stresow/7919a/2008,AGCAAAAGCAGG,,,,,,,,,,,CCTTGTTTCTACT
A/swine/Brakel/6890/2008,AGCAAAAGCAGG,,,,,,,,,,,
A/swine/Georgsmarienhuette/6391/2007,AGCAAAAGCAGG,,,,,,,,,,,CCTTGTTTCTACT
A/swine/Holzwickede/6367a/2007,AGCAAAAGCAGG,,,,,,,,,,,CCTTGTTTCTACT
A/swine/Vilsbiburg/5735/2006,AGCAAAAGCAGG,,,,,,,,,,,CCTTGTTTCTACT
A/swine/Reken/5731/2006,AGCAAAAGCAGG,,,,,,,,,,,CCTTGTTTCTACT
A/swine/Nordhuemmling/4917/2006,AGCAAAAGCAGG,,,,,,,,,,,CCTTGTTTCTACT
A/swine/Bad_Rothenfelde/5179/2006,AGCAAAAGCAGG,,,,,,,,,,,CCTTGTTTCTACT
A/swine/Salzkotten/5275/2006,AGCAAAAGCAGG,,,,,,,,,,,CCTTGTTTCTACT
A/swine/Feldbach/4589/2005,AGCAAAAGCAGG,,,,,,,,,,,CCTTGTTTCTACT
A/swine/Melle/6137/2007,AGCAAAAGCAGG,,,,,,,,,,,CCTTGTTTCTACT
A/swine/Rotthalmuenster/5877/2007,AGCAAAAGCAGG,,,,,,,,,,,CCTTGTTTCTACT
A/swine/Warendorf/10669/2009,AGCAAAAGCAGG,,,,,,,,,,,
A/swine/Holtrup/6358/2007,AGCAAAAGCAGG,,,,,,,,,,,CCTTGTTTCTTCT
A/swine/Spain/45690-1/2016,AGCAAAAGCAGG,,,,,,,,,,,CCTTGTTTCTACT
A/swine/Schnaitsee/4700/2005,AGCAAAAGCAGG,,,,,,,,,,,CCTTGTTTCTACT
A/swine/Melle/3962/2005,AGCAAAAGCAGG,,,,,,,,,,,CCTTGTTTCTACT
A/swine/Grebenau/3887/2005,AGCAAAAGCAGG,,,,,,,,,,,CCTTGTTTCTACT
A/swine/Huerth/3871/2005,AGCAAAAGCAGG,,,,,,,,,,,CCTTGTTTCTACT
A/swine/Huerth/3870/2005,AGCAAAAGCAGG,,,,,,,,,,,CCTTGTTTCTACT
A/swine/Melle/3764/2004,AGCAAAAGCAGG,,,,,,,,,,,CCTTGTTTCTACT
A/swine/Appel/3339/2004,AGCAAAAGCAGG,,,,,,,,,,,CCTTGTTTCTACT
A/swine/Hannover/3906/2005,AGCAAAAGCAGG,,,,,,,,,,,CCTTGTTTCTACT
A/swine/Raddestorf/5483/2006,AGCAAAAGCAGG,,,,,,,,,,,CCTTGTTTCTACT
A/swine/Harmstrub/5445/2006,AGCAAAAGCAGG,,,,,,,,,,,CCTTGTTTCTACT
A/swine/Rinkerode/5967/2007,AGCAAAAGCAGG,,,,,,,,,,,CCTTGTTTCTACT
A/swine/Heiden/5945/2007,AGCAAAAGCAGG,,,,,,,,,,,CCTTGTTTCTACT
A/swine/Gnas/5926/2007,AGCAAAAGCAGG,,,,,,,,,,,CCTTGTTTCTACT
A/swine/IVD/5911/2007,AGCAAAAGCAGG,,,,,,,,,,,CCTTGTTTCTACT
A/swine/Feldbach/5907/2007,AGCAAAAGCAGG,,,,,,,,,,,CCTTGTTTCTACT
A/swine/Elze/4624/2005,AGCAAAAGCAGG,,,,,,,,,,,CCTTGTTTCTACT
A/swine/Wettrup/4615/2005,AGCAAAAGCAGG,,,,,,,,,,,CCTTGTTTCTACT
A/swine/Luenne/4529/2005,AGCAAAAGCAGG,,,,,,,,,,,CCTTGTTTCTACT
A/swine/Papenburg/5564/2006,AGCAAAAGCAGG,,,,,,,,,,,CCTTGTTTCTACT
A/swine/Neuenrade/6259/2007,AGCAAAAGCAGG,,,,,,,,,,,CCTTGTTTCTACT
A/swine/Vreden/6235/2007,AGCAAAAGCAGG,,,,,,,,,,,CCTTGTTTCTACT
A/swine/Gent/V229/1992,AGCAAAAGCAGG,,,,,,,,,,A,CCTTGTTTCTACT
A/swine/Gent/V220/1992,AGCAAAAGCAGG,,,,,,,,,,A,CCTTGTTTCTACT
A/swine/France/59-120031/2012,AGCAAAAGCAGG,,,,,,,,,,,CCTTGTTTCTACT
A/swine/Warendorf/18914/2013,AGCAAAAGCAGG,,,,,,,AAT,,,,CC
A/swine/Kevelaer/2892/2004,AGCAAAAGCAGG,,,,,,,,,,,CCTTGTTTCTACT
A/swine/Spain/46314-2/2020,AGCAAAAGCAGG,,,,,,,,,,,CCTTGTTTCTACT
A/swine/Spain/45690-12/2019,AGCAAAAGCAGG,,,,,,,,,,,CCTTGTTTCTACT
A/swine/Spain/45690-11/2019,AGCAAAAGCAGG,,,,,,,,,,,CCTTGTTTCTACT
A/swine/Spain/45690-10/2018,AGCAAAAGCAGG,,,,,,,,,,,CCTTGTTTCTACT
A/swine/France/59-150357/2015,AGCAAAAGCAGG,,,,,,,,,,,CCTTGTT
A/swine/Fujian/43/2007,AGCAAAAGCAGG,,,,,,,,,,,CCTTGTTTCTACT
A/red-gartered_coot/Chile/C16030/2016,AGCAAAAGCAGG,,,,,,,,,,,CCTTGTTTCTACT
A/equine/Otar/764/2007,AGCAAAAGCAGG,,,,,,,,,,,CCTTGTTTCTACT
A/equine/Pulawy/1/2006,AGCAAAAGCAGG,,,,,,,,,,,CCTTGTTTCTACT
A/equine/Pulawy/1/2008,AGCAAAAGCAGG,,,,,,,,,,,CCTTGTTTCTACT
A/equine/Kentucky/5/2002,AGCAAAAGCAGG,,,,,,,,,,,CCTTGTTTCTACT
A/equine/Hissar/CMVL-HSR4/2008,AGCAAAAGCAGG,,,,,,,,,,,CCTTGTTTCTACT
A/equine/Himachal_Pradesh/CMVL-YOL2/2008,AGCAAAAGCAGG,,,,,,,,,,,CCTTGTTTCTACT
A/equine/Jammu_and_Kashmir/CMVL-LEH4/2008,AGCAAAAGCAGG,,,,,,,,,,,CCTTGTTTCTACT
A/equine/Jammu_and_Kashmir/CMVL-LEH6/2008,AGCAAAAGCAGG,,,,,,,,,,,CCTTGTTTCTACT
A/equine/Kostanay/9/2012,AGCAAAAGCAGG,,,,,,,,,,,CCTTGTTTCTACT
A/equine/Matybulak/10/2012,AGCAAAAGCAGG,,,,,,,,,,,CCTTGTTTCTACT
A/equine/LKZ/9/2012,AGCAAAAGCAGG,,,,,,,,,,,CCTTGTTTCTACT
A/equine/Baizak/09/2012,AGCAAAAGCAGG,,,,,,,,,,,CCTTGTTTCTACT
A/equine/Heilongjiang/SS1/2013,AGCAAAAGCAGG,,,,,,,,,,,CCTTGTTTCTACT
A/equine/China/Ulumuqi/2015,AGCAAAAGCAGG,,,,,,,,,,,CCTTGTTTCTACT
A/Duck/Mongolia/2021-MG03/2021,AGCAAAAGCAGG,,,,,,,,,,,CCTTGTTTTTTAT
A/canine/Florida/15592.1/2004,AGCAAAAGCAGG,,,,,,,,,A,,CCTTGTTTCTACT
A/equine/Ohio/OH21-6023/2021,AGCAAAAGCAGG,,,,,,,,,,,CCTT
A/equine/Santiago/TT16A/2018,AGCAAAAGCAGG,,,,,,,,,,,CCTTGTTTCTACT
A/equine/Chile/EQCL003/2018,AGCAAAAGCAGG,,,,,,,,,,,CCTTGTTTCTACT
A/equine/Santiago/TT11A/2018,AGCAAAAGCAGG,,,,,,,,,,,CCTTGTTTCTACT
A/equine/Missouri/1/2022,AGCAAAAGCAGG,,,,,,,,,,,CCTTGTTTCTACT
A/equine/Iowa/1/2021,AGCAAAAGCAGG,,,,,,,,,,,CCTTGTTTCTACT
A/equine/California/5/2020,AGCAAAAGCAGG,,,,,,,,,,,CCTTGTTTCTACT
A/equine/United_Kingdom/PM093/2019,AGCAAAAGCAGG,,,,,,,,,,,CCTTGTTTCTACT
A/equine/United_Kingdom/PM085/2019,AGCAAAAGCAGG,,,,,,,,,,,CCTTGTTTCTACT
A/equine/United_Kingdom/PM084/2019,AGCAAAAGCAGG,,,,,,,,,,,CCTTGTTTCTACT
A/equine/United_Kingdom/PM083/2019,AGCAAAAGCAGG,,,,,,,,,,,CCTTGTTTCTACT
A/equine/United_Kingdom/PM094/2019,AGCAAAAGCAGG,,,,,,,,,,,CCTTGTTTCTACT
A/equine/California/CRP342/2019,AGCAAAAGCAGG,,,,,,,,,,,CCTTGTTTCTACT
A/equine/California/CRP340/2019,AGCAAAAGCAGG,,,,,,,,,,,CCTTGTTTCTACT
A/equine/United_Kingdom/PM009/2019,AGCAAAAGCAGG,,,,,,,,,,,CCTTGTTTCTACT
A/equine/Texas/CRP421/2019,AGCAAAAGCAGG,,,,,,,,,,,CCTTGTTTCTACT
A/equine/California/3/2020,AGCAAAAGCAGG,,,,,,,,,,,CCTTGTTTCTACT
A/equine/United_Kingdom/PM090/2019,AGCAAAAGCAGG,,,,,,,,,,,CCTTGTTTCTACT
A/equine/United_Kingdom/PM082/2019,AGCAAAAGCAGG,,,,,,,,,,,CCTTGTTTCTACT
A/equine/United_Kingdom/PM008/2019,AGCAAAAGCAGG,,,,,,,,,,,CCTTGTTTCTACT
A/donkey/Nigeria/VRD19_ZM20_T10_19RS459-5/2019,AGCAAAAGCAGG,,,,,,,,,,,CCTTGTTTCTACT
A/equine/Texas/1/2020,AGCAAAAGCAGG,,,,,,,,,,,CCTTGTTTCTACT
A/equine/Oklahoma/9241/2019,AGCAAAAGCAGG,,,,,,,,,,,CCTTGTTTCTACT
A/equine/New_York/034924/2020,AGCAAAAGCAGG,,,,,,,,,,,CCTTGTTTCTACT
A/equine/New_York/036952/2020,AGCAAAAGCAGG,,,,,,,,,,,CCTTGTTTCTACT
A/equine/North_Carolina/202527/2016,AGCAAAAGCAGG,,,,,,,,,,,CCTTGTTTCTACT
A/equine/Rhode_Island/1/2021,AGCAAAAGCAGG,,,,,,,,,,,CCTTGTTTCTACT
A/equine/Florida/2/2022,AGCAAAAGCAGG,,,,,,,,,,,CCTTGTTTCTACT
A/equine/United_Kingdom/PM080/2019,AGCAAAAGCAGG,,,,,,,,,,,CCTTGTTTCTACT
A/equine/Oregon/78356/2012,AGCAAAAGCAGG,,,,,,,,,,,CCTTGTTTCTACT
A/equine/New_York/135857/2016,AGCAAAAGCAGG,,,,,,,,,,,CCTTGTTTCTACT
A/equine/Georgia/121362-16/2016,AGCAAAAGCAGG,,,,,,,,,,,CCTTGTTTCTACT
A/equine/Tennessee/28A/2014,AGCAAAAGCAGG,,,,,,,,,,,CCTTGTTTCTACT
A/equine/Tennessee/4A/2014,AGCAAAAGCAGG,,,,,,,,,,,CCTTGTTTCTACT
A/equine/Tennessee/30A/2014,AGCAAAAGCAGG,,,,,,,,,,,CCTTGTTTCTACT
A/equine/Tennessee/28B/2014,AGCAAAAGCAGG,,,,,,,,,,,CCTTGTTTCTACT
A/equine/Tennessee/29A/2014,AGCAAAAGCAGG,,,,,,,,,,,CCTTGTTTCTACT
A/equine/New_Jersey/93950/2015,AGCAAAAGCAGG,,,,,,,,,,,CCTTGTTTCTACT
A/equine/New_York/82128/2014,AGCAAAAGCAGG,,,,,,,,,,,CCTTGTTTCTACT
A/equine/New_York/CRP412/2013,AGCAAAAGCAGG,,,,,,,,,,,CCTTGTTTCTACT
A/equine/Pennsylvania/98683/2011,AGCAAAAGCAGG,,,,,,,,,,,CCTTGTTTCTACT
A/equine/New_York/CRP413/2015,AGCAAAAGCAGG,,,,,,,,,,,CCTTGTTTCTACT
A/equine/Colina/2012,AGCAAAAGCAGG,,,,,,,,,,,CCTTGTTTCTACT
A/equine/Florida/146609/2011,AGCAAAAGCAGG,,,,,,,,,,,CCTTGTTTCTACT
A/canine/Connecticut/85863/2011,AGCAAAAGCAGG,,,,,,,,,,,CCTTGTTTCTACT
A/canine/New_York/3699/2010,AGCAAAAGCAGG,,,,,,,,,,,CCTTGTTTCTACT
A/canine/New_York/1623.1/2010,AGCAAAAGCAGG,,,,,,,,,,,CCTTGTTTCTACT
A/canine/Vermont/278213/2013,AGCAAAAGCAGG,,,,,,,,,,,CCTTGTTTCTACT
A/canine/New_York/159903/2012,AGCAAAAGCAGG,,,,,,,,,,,CCTTGTTTCTACT
A/canine/Maine/058124/2016,AGCAAAAGCAGG,,,,,,,,,,,CCTTGTTTCTACT
A/equine/Kyonggi/SA1/2011,AGCAAAAGCAGG,,,,,,,,,,,CCTTGTTTCTACT
A/equine/Quillota/2/1992,AGCAAAAGCAGG,,,,,,,,,,,CCTTGTTTCTACT
A/equine/Pulawy/P2ECE/2005,AGCAAAAGCAGG,,,,,,,,,,,CCTTG
A/equine/Pulawy/1/2005,AGCAAAAGCAGG,,,,,,,,,,,CCTTGTTTCTACT
A/Mallard/Ohio/17OS1921/2017,AGCAAAAGCAGG,,,,,,,,,,,CCTTGTTTCTACT
A/Mallard/Ohio/17OS1784/2017,AGCAAAAGCAGG,,,,,,,,,,,CCTTGTTTCTACT
A/swine/Guangdong/166/06,AGCAAAAGCAGG,,,,,,,,,,,CCTTGTTTCTACT
A/canine/Guangxi/L2/2013,AGCAAAAGCAGG,,,,,,,,,,,CCTTGTTTCTACT
A/swine/Guatemala/MM-160/2013,AGCAAAAGCAGG,,,,,,,,,,,CCTTGTTTCTACT
A/swine/Guatemala/CIP049-IP040078/2010,AGCAAAAGCAGG,,,,,,,,,,,CCTTGTTTCTACT
A/swine/Sichuan/01/2006,AGCAAAAGCAGG,,,,,,,,,,,CCTTGTTTCTACTAAT
A/swine/HuNan/01/2008,AGCAAAAGCAGG,,,,,,,,,,,CCTTGTTTCTACT
A/swine/Colorado/1/1977,AGCAAAAGCAGG,,,,,,,,,,,CCTTGTTTCTACT
A/swine/Guangdong/223/2006,AGCAAAAGCAGG,,,,,,,,,,,CCTTGTTTCTACT
A/swine/Guangdong/211/2006,AGCAAAAGCAGG,,,,,,,,,,,CCTTGTTTCTACT
A/swine/Guangdong/811/2006,AGCAAAAGCAGG,,,,,,,,,,,CCTTGTTTCTACT
A/swine/Guangdong/423/2006,AGCAAAAGCAGG,,,,,,,,,,,CCTTGTTTCTACT
A/swine/Guangdong/968/2006,AGCAAAAGCAGG,,,,,,,,,,,CCTTGTTTCTACT
A/swine/Guangdong/01/1998,AGCAAAAGCAGG,,,,,,,,,,,CCTTGTTTCTACT
A/swine/Hong_Kong/81/1978,AGCAAAAGCAGG,,,,,,,,,,,CCTTGTTTCTACT
A/swine/Italy/1850/1977,AGCAAAAGCAGG,,,,,,,,,,,CCTTGTTTCTACT
A/swine/Obihiro/10/1985,AGCAAAAGCAGG,,,,,,,,,,,CCTTGTTTCTACT
A/swine/Argentina/CIP051-A2/2008,AGCAAAAGCAGG,,,,,,,,,,,CCTTGTTTCTACT
A/turkey/Ontario/FAV-10/2011,AGCAAAAGCAGG,,,,,,,,,,,CCTTGTTTCTACT
A/turkey/Ontario/FAV-9/2011,AGCAAAAGCAGG,,,,,,,,,,,CCTTGTTTCTACT
A/turkey/Ontario/FAV-3/2011,AGCAAAAGCAGG,,,,,,,,,,,CCTTGTTTCTACT
A/swine/Mexico/AVX19/2012,AGCAAAAGCAGG,,,,,,,,,,,CCTTGTTTCTACT
A/swine/Mexico/AVX20/2012,AGCAAAAGCAGG,,,,,,,,,,,CCTTGTTTCTACT
A/swine/Mexico/AVX38/2012,AGCAAAAGCAGG,,,,,,,,,,,CCTTGTTTCTACT
A/swine/Mexico/AVX36/2012,AGCAAAAGCAGG,,,,,,,,,,,CCTTGTTTCTACT
A/swine/Mexico/AVX37/2012,AGCAAAAGCAGG,,,,,,,,,,,CCTTGTTTCTACT
A/swine/Mexico/AVX14/2012,AGCAAAAGCAGG,,,,,,,,,,,CCTTGTTTCTACT
A/swine/Mexico/AVX13/2012,AGCAAAAGCAGG,,,,,,,,,,,CCTTGTTTCTACT
A/swine/Iowa/CD81015/2015,AGCAAAAGCAGG,,,,,,,,,,,CCTTGTTTCTACT
A/swine/Nebraska/A01378048/2021,AGCAAAAGCAGG,,,,,,,,,,,CCTTGTTTCTACT
A/swine/Quebec/1279825/2011,AGCAAAAGCAGG,,,,,,,,,,,CCTTGTTTCTAC
A/swine/Brazil/365-11-7/2011,AGCAAAAGCAGG,,,,,,,,,,,CCTTGTTTCTACT
A/swine/Mexico/AVX15/2012,AGCAAAAGCAGG,,,,,,,,,,,CCTTGTTTCTACT
A/swine/Brazil/028_15-8/2015,AGCAAAAGCAGG,,,,,,,,,,,
A/swine/Brazil/154_14-1/2014,AGCAAAAGCAGG,,,,,,,,,,,
A/swine/Brazil/061_14-2/2014,AGCAAAAGCAGG,,,,,,,,,,,
A/swine/Brazil/068_15/2015,AGCAAAAGCAGG,,,,,,,,,,,
A/swine/Valparaiso/VN1401-3773/2018,AGCAAAAGCAGG,,,,,,,,,,,CCTTGTTTCTACT
A/swine/Los_Andes/VN1401-3086/2017,AGCAAAAGCAGG,,,,,,,,,,,CCTTGTTTCTACT
A/swine/Brazil/148-19/2019,AGCAAAAGCAGG,,,,,,,,,,,
A/swine/Brazil/527-17/2017,AGCAAAAGCAGG,,,,,,,,,,,
A/swine/Maule/VN1401-3983/2018,AGCAAAAGCAGG,,,,,,,,,,,CCTTGTTTCTACT
A/swine/Maule/VN1401-3981/2018,AGCAAAAGCAGG,,,,,,,,,,,CCTTGTTTCTACT
A/swine/Maule/VN1401-3982/2018,AGCAAAAGCAGG,,,,,,,,,,,CCTTGTTTCTACT
A/Sus_scrofa/France/62-160219/2016,AGCAAAAGCAGG,,,,,,,,,,,CCTTG
A/swine/Thailand/PB483/2009,AGCAAAAGCAGG,,,,,,,,,,,
A/swine/Thailand/PB482/2009,AGCAAAAGCAGG,,,,,,,,,,,CCTTGTTTCTACTAA
A/swine/Thailand/CM480/2009,AGCAAAAGCAGG,,,,,,,,,,,CCTTGTTTCTACTAA
A/swine/Thailand/PB484/2009,AGCAAAAGCAGG,,,,,,,,,,,CCTTGTTTCTACTAA
A/swine/Thailand/PB485/2009,AGCAAAAGCAGG,,,,,,,,,,,CCTTGTTTCTACTAA
A/swine/Thailand/CM481/2009,AGCAAAAGCAGG,,,,,,,,,,,CCTTGTTTCTACTAA
A/swine/Thailand/PB486/2009,AGCAAAAGCAGG,,,,,,,,,,,CCTTGTTTCTACTAA
A/swine/Chachoengsao/2002,AGCAAAAGCAGG,,,,,,,,,,,CCTTGTTTCTACT
A/swine/Nakhon_Pathom/2002,AGCAAAAGCAGG,,,,,,,,,,,CCTTGTTTCTACT
A/swine/Chonburi/2002,AGCAAAAGCAGG,,,,,,,,,,,CCTTGTTTCTACT
A/swine/Shandong/3/2005,AGCAAAAGCAGG,,,,,,,,,,,CCTTGTTTCTACT
A/swine/Pingtung/199-2/2002,AGCAAAAGCAGG,,,,,,,,,,,CCTTGTTTCTACT
A/swine/Hong_Kong/126/1982,AGCAAAAGCAGG,,,,,,,,,,,CCTTGTTTCTACT
A/blue-winged_teal/Illinois/17OS2625/2017,AGCGAAAGCAGG,,,,,,,,,,,CCTTGTTTCTACT
A/American_green-winged_teal/Missouri/17OS3212/2017,AGCGAAAGCAGG,,,,,,,,,,,CCTTGTTTCTACT
A/American_green-winged_teal/Ohio/13OS1861/2013,AGCGAAAGCAGG,,,,,,,,,,,CCTTGTTTCTACT
A/blue-winged_teal/Iowa/13OS2346/2013,AGCGAAAGCAGG,,,,,,,,,,,CCTTGTTTCTACT
A/duck/Vietnam/HN4792/2018,AGCGAAAGCAGG,,,,,,,,,,,CCTTGTTTCTACT
A/duck/Vietnam/HN5685/2019,AGCGAAAGCAGG,,,,,,,,,,,CCTTGTTTCTACT
A/wood_duck/Ohio/13OS3300/2013,AGCGAAAGCAGG,,,,,,,,,,,CCTTGTTTCTACT
A/blue-winged_teal/Ohio/13OS1410/2013,AGCGAAAGCAGG,,,,,,,,,,,CCTTGTTTCTACT
A/blue-winged_teal/Iowa/13OS2340/2013,AGCGAAAGCAGG,,,,,,,,,,,CCTTGTTTCTACT
A/American_green-winged_teal/Ohio/13OS2056/2013,AGCGAAAGCAGG,,,,,,,,,,,CCTTGTTTCTACT
A/American_green-winged_teal/Ohio/13OS1867/2013,AGCGAAAGCAGG,,,,,,,,,,,CCTTGTTTCTACT
A/American_green-winged_teal/Ohio/13OS1778/2013,AGCGAAAGCAGG,,,,,,,,,,,CCTTGTTTCTACT
A/blue-winged_teal/Ohio/13OS1831/2013,AGCGAAAGCAGG,,,,,,,,,,,CCTTGTTTCTACT
A/blue-winged_teal/Wisconsin/13OS3463/2013,AGCGAAAGCAGG,,,,,,,,,,,CCTTGTTTCTACT
A/American_green-winged_teal/Ohio/13OS1844/2013,AGCGAAAGCAGG,,,,,,,,,,,CCTTGTTTCTACT
A/wild_boar/Germany/WS169/2006,AGCGAAAGCAGG,,,,,,,,,,,CCTTGTTTCTACT
A/black-headed_gull/Chile/C38075/2018,AGCGAAAGCAGG,,,,,,,,,,,CCTTGTTTCTACT
A/equine/California/CRP419/2019,AGCGAAAGCAGG,,,,,,,,,,,CCTTGTTTCTACT
A/equine/New_Hampshire/315579/2015,AGCGAAAGCAGG,,,,,,,,,,,CCTTGTTTCTACT
A/swine/Minnesota/MT_12_07_1650/2012,AGCGAAAGCAGG,,,,,,,,,,,CCTTGTTTCTACT
A/swine/Ohio/13TOSU2194/2013,AGCGAAAGCAGG,,,,,,,,,,,CCTTGTTTCTACT
A/swine/Mexico/AVX26/2012,AGCGAAAGCAGG,,,,,,,,,,,CCTTGTTTCTACT
A/swine/Mexico/AVX53/2013,AGCGAAAGCAGG,,,,,,,,,,,CCTTGTTTCTACT
A/swine/Mexico/AVX57/2013,AGCGAAAGCAGG,,,,,,,,,,,CCTTGTTTCTACT
A/swine/Mexico/AVX60/2013,AGCGAAAGCAGG,,,,,,,,,,,CCTTGTTTCTACT
A/swine/Ohio/12TOSU308/2012,AGCGAAAGCAGG,,,,,,,,,,,CCTTGTTTCTACT
A/swine/Indiana/13TOSU1026/2013,AGCGAAAGCAGG,,,,,,,,,,,CCTTGTTTCTACT
A/swine/Dakota_Superior/MT_12_07_411/2012,AGCGAAAGCAGG,,,,,,,,,,,CCTTGTTTCTACT
A/swine/Mexico/AVX32/2012,AGCGAAAGCAGG,,,,,,,,,,,CCTTGTTTCTACT
A/swine/Mexico/AVX64/2014,AGCGAAAGCAGG,,,,,,,,,,,CCTTGTTTCTACT
A/swine/Mexico/AVX33/2012,AGCGAAAGCAGG,,,,,,,,,,,CCTTGTTTCTACT
A/swine/Brazil/072-19-1/2019,AGCGAAAGCAGG,,,,,,,,,,,
A/swine/Brazil/043-19/2019,AGCGAAAGCAGG,,,,,,,,,,,
A/duck/Alberta/16/1976,CAGG,,,,,,,,,,,CCTTG
A/duck/Mongolia/62/2013,CAGG,,,,,,,,,,,CCTTG
A/duck/Mongolia/394/2011,CAGG,,,,,,,,,,,CCTTG
A/duck/Hokkaido/221/2008,CAGG,,,,,,,,,,,CCTTG
A/Arenaria_interpres/Belgium/9365_2/2019,CAGG,,,,,,,,,,,CCTTGT
A/duck/Vietnam/HU8-1918/2017,CAGG,,,,,,,,,,,
A/mallard/Netherlands/2/1999,CAGG,,,,,,,,,,,CCTT
A/mallard/Ohio/17OS1801/2017,CAGG,,,,,,,,,,,CCTTGTTTCTACT
A/greater_white-fronted_goose/Alaska/44064-108/2006,CAGG,,,,,,,,,,,C
A/swine/Italy/6/1981,CAGG,,,,,,,,,,,CCTTG
A/swine/Thailand/CU-CG43/2011,CAGG,,,,,,,,,,,CCTTGTTT
A/snow_goose/Mongolia/1-29/2008,GGAGCAAAAGCAGG,,,,,,,,,,,CCTTGTTTCTAC
A/duck/Mongolia/405/2015,ATCAGG,,,,,,,,,,,CC
A/duck/Mongolia/199/2015,AAAGCAGG,,,,,,,,,,,CCTTGTTTC
A/mallard/Ohio/17OS1796/2017,AAAGCAGG,,,,,,,,,,,CCTTGTTTCTACT
A/mallard/Ohio/17OS1804/2017,AAAGCAGG,,,,,,,,,,,CCTTGTTTCTACT
A/green-winged_teal/Ohio/15OS5438/2015,AAAGCAGG,,,,,,,,,,,CCTTGTTTCTACT
A/mallard/Ohio/15OS4288/2015,AAAGCAGG,,,,,,,,,,,CCTTGTTTCTACT
A/blue-winged_teal/Ohio/16OS1061/2016,AAAGCAGG,,,,,,,,,,,CCT
A/swine/Indiana/15TOSU8898/2015,AAAGCAGG,,,,,,,,,,,
A/duck/Mongolia/179/2015,CAAAAGCAGG,,,,,,,,,,,CCTTGTTTCTGC
A/duck/Moscow/4780/2012,CAAAAGCAGG,,,,,,,,,,,CCTTGTTTCT
A/Equus_caballus/Ulaanbaatar/3/2011,CAAAAGCAGG,,,,,,,,,,,CCTTGTTTCTACT
A/duck/Mongolia/513/2018,AGG,,,,,,,,,,,C
A/duck/Mongolia/972/2018,AGG,,,,,,,,,,,C
A/shoveler/Koymor/118/2009,G,,,,,,,,,,,
A/duck/Thailand/CU-7518C/2010,G,,,,,,,,,,,
A/greater_white-fronted_goose/Alaska/44299-054/2007,G,,,,,,,,,,,C
A/duck/South_Africa/1108/2004,GTGTTTGGTTGGGG,,,,,,,,,,,CCTTGTTTCT
A/duck/Mongolia/572/2015,AAAAGCAGG,,,,,,,,,,,CCTTG
A/herring_gull/Irkutsk/111/2005,TAAAGCAGG,,,,,,,,,,,CCTTGTTTCTA
A/Bar-headed_goose__Anser_indicus_/India/DBC1-12a/2016,GCAAAAGCAGG,,,,,,,,,,,CCTTGTTTCTAC
A/northern_shoveler/Mongolia/899V/2009,GCAAAAGCAGG,,,,,,,,,,,CCTTGTTTCTACT
A/swine/Minnesota/00395/2004,GCAAAAGCAGG,,,,,,,,,,,
A/common_shelduck/Mongolia/2076/2011,AAGCAGG,,,,,,,,,,,CCTTGTTTCTACT
A/swine/Brabant/1984,AAGCAGG,,,,,,,,,,,CCTTG
A/chicken/Guangdong/01/2013,AAGCAGG,,,,,,,,,,,CCTTGTTTCTA
A/duck/Mongolia/777/2015,CGAAATCAGG,,,,,,,,,,,CCTTGTTTCTAC
A/Duck/Mongolia/2021-MG09/2021,AGAAAGCAGG,,,,,,,,,,,CCTTGTTTTTTAT
A/duck/Mongolia/129/2015,ACCAAGATCAGG,,,,,,,,,,,CCTTGTTTC
A/duck/Mongolia/MN18-14/2018,AAAAAAGCAGG,,,,,,,,,,,CCTTGTTTTTTATT
A/duck/Mongolia/521/2015,GCTGG,,,,,,,,,,,CCTTG
A/pigeon/Anhui/08/2013,TTATTCGTCTCAGGGAGCAAAAGCAGG,,,,,,,,,,,CCTTGTTTCTACTAATACGAGACGATATA
A/redhead/Ohio/13OS0399/2013,AGCRAAAGCAGG,,,,,,,,,,,CCTTGTTTCTACT
A/swine/Ohio/12TOSU175/2012,AGCRAAAGCAGG,,,,,,,,,,,CCTTGTTTCTACT
A/swine/Mexico/04/2019,AGCRAAAGCAGG,,,,,,,,,,,CCTTGTTTCTACYCCGCATCAGGT
A/green-winged_teal/Minnesota/Sg-00131/2007,AG,,,,,,,,,,,CCTTGTTTCTACT
A/curlew/Peru/PuV178/2009,CAAAAGCCAGG,,,,,,,,,,,
A/canine/Guangdong/1/2011,AGCAAAAACAGG,,,,,,,,,,,CCTTGTTTCTACT
A/swine/Spain/11/2010,GCCAGG,,,,,,,,,,,CCT
A/swine/Neuenhaus/4515/2005,AGCAAAAGCAGA,,,,,,,,,,,CCTTGTTTCTACT
A/swine/Spain/12/2010,AAAGCCAGG,,,,,,,,,,,C
A/swine/Spain/14/2011,CCCG,,,,,,,,,,,
A/Pink-eared_Duck/Victoria/PD001/2017,GTTTGCTTGACTTCCAACACATTGGATTTGCTTGCTCCTTCAGTCTTAAAAGATGT,A,ACCAGTAT,,,,,,,,AGGATTGAGATTAGAGGCGA,ATTTTGCTTCGATGCCGTATACTTCTCAAATGTCTTTGGATAAAGTG
A/Equus_ferus_caballus/USA/176576/2019,AGCAAAGCAGG,,,,,,,,,,,CCTTGTTTCTACT
A/Equus_ferus_caballus/USA/82889/2019,AGCAAAGCAGG,,,,,,,,,,,CCTTGTTTCTACT
A/Equus_ferus_caballus/USA/51053/2019,AGCAAAGCAGG,,,,,,,,,,,CCTTGTTTCTACT
A/Equus_ferus_caballus/USA/72778/2019,AGCAAAGCAGG,,,,,,,,,,,CCTTGTTTCTACT
A/Equus_ferus_caballus/USA/48519/2019,AGCAAAGCAGG,,,,,,,,,,,CCTTGTTTCTACT
A/Equus_ferus_caballus/USA/218776/2018,AGCAAAGCAGG,,,,,,,,,,,CCTTGTTTCTACT
A/swine/Guangdong/L23/2010,ATTAGCAAAAGCAGG,,,,,,,,,,,CCTTGTTTCTACTC
A/swine/Thailand/CU-CG45/2011,AGGCAGG,,,,,,,,,,,CCTTGTTT
A/swine/Thailand/CU-CG48/2011,AGGCAGG,,,,,,,,,,,CCTTGTTTT
A/swine/Tainan/103-11/2003,GAGCGAAGCAGG,,,,,,,,,,,TCTTGTTTCTACT
A/duck/Korea/LPM23/2005,,,,G,,,,,,,,
A/chicken/Korea/LPM43/2005,,,,G,,,,,,,,
A/duck/Korea/LPM66/2006,,,,G,,,,,,,,
A/swine/Korea/P17-4/2017,,,,,ACTGAGGAGGGAGCAATCATTGGAGAAATTTCACCATTACCTTCTCTTCCAGGACATACTAATGAGGATGTCAAAAATGCAGTTGGGGTCCTCATCGGAGGACTTGAATGGAATGGTAACACGGTTCGAGGCTCTGAAAATCTACAGAGATTCGCTTGGAGAAACCGTAATGAGGATGGGGGACCTTCACTACCTCCAGAGCAGAAATG,,,,,,,
A/aquatic_bird/Gunsan/146/2006,,,,,,,T,,,,,
A/swine/Zambia/51/2018,,,,,,,,,T,,,
A/mallard/California/3304/2012,,,,,,,,,,,A,
A/American_black_duck/New_Brunswick/19350/2006,,,,,,,,,,,,CCTTGTTTCTAC
A/mallard/Alberta/365/2015,,,,,,,,,,,,CCTTGTTTCTAC
A/mallard/Alberta/67/2015,,,,,,,,,,,,CCTTGTTTCTAC
A/ruddy_turnstone/Delaware_Bay/144/2016,,,,,,,,,,,,CCTTGTTTCTAC
A/sanderling/Delaware_Bay/426/2016,,,,,,,,,,,,CCTTGTTTCTAC
A/mallard/Alberta/66/2016,,,,,,,,,,,,CCTTGTTTCTAC
A/American_black_duck/Alberta/284/2016,,,,,,,,,,,,CCTTGTTTCTAC
A/mallard/Sweden/S90391/2005,,,,,,,,,,,,CCTTGTTTCTAC
A/sanderling/Delaware_Bay/28/2005,,,,,,,,,,,,CCTTGTTTCTAC
A/ruddy_turnstone/Delaware_Bay/160/2005,,,,,,,,,,,,CCTTGTTTCTAC
A/ruddy_turnstone/Delaware_Bay/188/2005,,,,,,,,,,,,CCTTGTTTCTAC
A/mallard/Alberta/515/2015,,,,,,,,,,,,CCTTGTTTCTAC
A/ruddy_turnstone/Delaware_Bay/331/2016,,,,,,,,,,,,CCTTGTTTCTAC
A/ruddy_turnstone/Delaware_Bay/29/2005,,,,,,,,,,,,CCTTGTTTCTAC
A/American_black_duck/Alberta/96/2016,,,,,,,,,,,,CCTTGTTTCTAC
A/mallard/Alberta/612/2015,,,,,,,,,,,,CCTTGTTTCTAC
A/mallard/Alberta/131/2015,,,,,,,,,,,,CCTTGTTTCTAC
A/swine/Ohio/16TOSU3193/2016,,,,,,,,,,,,CCTTGTTTCTAC
A/swine/Mexico/9783350/2013,,,,,,,,,,,,CCTTGTTTCTAC
A/American_green-winged_teal/Alaska/44419-233/2008,,,,,,,,,,,,CCT
A/canine/Guangdong/2/2007,,,,,,,,,,,,CCT
A/swine/Minnesota/SG242/2006,,,,,,,,,,,,CCTTG
A/Mallard/Ohio/17OS1933/2017,,,,,,,,,,,,CCTTGTTTCTACT
A/duck/Zambia/04/2008,,,,,,,,,,,,CCTTGTTTCTACT
A/duck/Zhejiang/4613/2013,,,,,,,,,,,,CCTTGTTTCTACT
A/duck/Zhejiang/4637/2013,,,,,,,,,,,,CCTTGTTTCTACT
A/aquatic_bird/Jeonju/338/2008,,,,,,,,,,,,CCTTGTTTCTACT
A/duck/Vietnam/LBM836/2015,,,,,,,,,,,,CCTTGTTTCTACT
A/duck/Zhejiang/4812/2013,,,,,,,,,,,,CCTTGTTTCTACT
A/duck/Vietnam/LBM907/2016,,,,,,,,,,,,CCTTGTTTCTACT
A/duck/Vietnam/LBM839/2015,,,,,,,,,,,,CCTTGTTTCTACT
A/muscovy_duck/Vietnam/LBM946/2017,,,,,,,,,,,,CCTTGTTTCTACT
A/mallard/Idaho/AH0011423/2015,,,,,,,,,,,,CCTTGTTTCTACT
A/canine/China/QiaoKe01/2017,,,,,,,,,,,,CCTTGTTTCTACT
A/swine/Italy/250481_2/2013,,,,,,,,,,,,CCTTGTTTCTACT
A/Equus_caballus/Arkhangai/2/2007,,,,,,,,,,,,CCTTGTTTCTACT
A/chicken/Hong_Kong/21-17632/2021,,,,,,,,,,,,CCTTGTTTCTACT
A/chicken/Hong_Kong/21-17040/2021,,,,,,,,,,,,CCTTGTTTCTACT
A/swine/Shandong/106/2007,,,,,,,,,,,,CCTTGTTTCTACT
A/swine/Shandong/133/2007,,,,,,,,,,,,CCTTGTTTCTACT
A/Mallard/Ohio/17OS1919/2017,,,,,,,,,,,,CCTTGTTTCTACT
A/swine/Guangdong/Z5/2003,,,,,,,,,,,,CCTTGTTTCTACT
A/turkey/BC/1529-3/2005,,,,,,,,,,,,CCTTGTTTCTACT
A/swine/Minnesota/65767/2006,,,,,,,,,,,,CCTTGTTTCTACT
A/swine/Minnesota/66853/2006,,,,,,,,,,,,CCTTGTTTCTACT
A/swine/Minnesota/7931/2007,,,,,,,,,,,,CCTTGTTTCTACT
A/swine/QC/414/2009,,,,,,,,,,,,CCTTGTTTCTACT
A/swine/Iowa/H02AS8/2002,,,,,,,,,,,,CCTTGTTTCTACT
A/swine/North_Carolina/2003,,,,,,,,,,,,CCTTGTTTCTACT
A/turkey/Illinois/2004,,,,,,,,,,,,CCTTGTTTCTACT
A/swine/QC/2108-2/2009,,,,,,,,,,,,CCTTGTTTCTACT
A/swine/QC/1685-5/2009,,,,,,,,,,,,CCTTGTTTCTACT
A/swine/QC/1840-2/2009,,,,,,,,,,,,CCTTGTTTCTACT
A/swine/QC/1698-1/2009,,,,,,,,,,,,CCTTGTTTCTACT
A/swine/Iowa/13H076/2013,,,,,,,,,,,,CCTTGTTTCTACT
A/swine/Minnesota/66960/2006,,,,,,,,,,,,CCTTGTTTCTACT
A/quail/QC/FAV-10/2008,,,,,,,,,,,,CCTTGTTTCTACT
A/swine/QC/440-A/2009,,,,,,,,,,,,CCTTGTTTCTACT
A/swine/Minnesota/5947/2007,,,,,,,,,,,,CCTTGTTTCTACT
A/swine/Thailand/CU-CG55/2011,,,,,,,,,,,,CCTTGTTTCTACT
A/swine/Guangdong/01/2005,,,,,,,,,,,,CCTTGTTTCTACT
A/swine/Minnesota/761/2007,,,,,,,,,,,,CCTTGTTTCTACT
A/northern_pintail/Alaska/44500-089/2009,,,,,,,,,,,,C
A/greater_white-fronted_goose/Alaska/44299-002/2007,,,,,,,,,,,,C
A/swine/Cote_d'Armor/3633/84,,,,,,,,,,,,C
A/canine/Thailand/CU-DC5299/2012,,,,,,,,,,,,C
A/mallard/Alberta/242/1998,,,,,,,,,,,,CCTTGTTTCTA
A/ruddy_turnstone/Delaware_Bay/393/2017,,,,,,,,,,,,CCTTGT
A/Equus_caballus/Ulaanbaatar/4/2011,,,,,,,,,,,,CCTTGT
A/swine/Mexico/7932475/2010,,,,,,,,,,,,CC
A/swine/Mexico/8630638/2011,,,,,,,,,,,,CC
A/swine/Mexico/9857788/2013,,,,,,,,,,,,CC
A/swine/Mexico/9741876/2013,,,,,,,,,,,,CC
A/swine/Mexico/9714185/2013,,,,,,,,,,,,CC
A/teal/Korgalzhyn/1797/2006,,,,,,,,,,,,CCTTGTTTCT
A/garganey/Korgalzhyn/865/2004,,,,,,,,,,,,CCTTGTTTCT
A/Mallard/SanJiang/90/2006,,,,,,,,,,,,CCTTGTT
A/Anseriformes/Anhui/TT41/2014,,,,,,,,,,,,CCCTTGTTTCT
A/Anseriformes/Anhui/XZ1/2014,,,,,,,,,,,,CCCTTGTTTCT
A/swine/Guangdong/L21/2011,,,,,,,,,,,,CCTTGTTTCTACTAATCGTCGACCTGCA
A/canine/Singapore/SG_NParks_CIV_M4705/2018,,,,,,,,,,,,CCTTTT
A/equine/Massachussetts/213/2003,,,,,,,,,,,,CCTTGTTTCTACTA
A/swine/Fujian/F2/2007,,,,,,,,,,,,CCTTGTTTCTACTGGTCA
A/swine/QC/382/2009,,,,,,,,,,,,CCTTGTTTCACT
A/swine/Mexico/9562931/2013,,,,,,,,,,,,CCTTGTTTATAC
A/swine/Mexico/9634750/2013,,,,,,,,,,,,CCTTGTTTATAC
A/swine/Mexico/9890611/2013,,,,,,,,,,,,CTAC
A/swine/Mexico/8630588/2011,,,,,,,,,,,,ATAC
