strain,insertion: 28bp @ ref pos 0,insertion: 1bp @ ref pos 251,insertion: 3bp @ ref pos 906,insertion: 3bp @ ref pos 1150,insertion: 3bp @ ref pos 1225,insertion: 1bp @ ref pos 1664,insertion: 6bp @ ref pos 2246,insertion: 6bp @ ref pos 2251,insertion: 37bp @ ref pos 2316
A/duck/Alberta/16/1976,AGCAGG,,,,,,,,CCT
A/duck/Hokkaido/103/2014,AGCAGG,,,,,,,,CCTTGT
A/duck/Mongolia/120/2011,AGCAGG,,,,,,,,CCTTGT
A/duck/Mongolia/444/2010,AGCAGG,,,,,,,,CCTTGT
A/duck/Mongolia/496/2010,AGCAGG,,,,,,,,CCTTGT
A/duck/Mongolia/139/2010,AGCAGG,,,,,,,,CCTTGT
A/muscovy_duck/Vietnam/LBM721/2014,AGCAGG,,,,,,,,
A/duck/Mongolia/672/2010,AGCAGG,,,,,,,,CCTTGT
A/duck/Mongolia/593/2010,AGCAGG,,,,,,,,CCTTGT
A/duck/Mongolia/131/2010,AGCAGG,,,,,,,,CCTTG
A/duck/Hokkaido/W151/2017,AGCAGG,,,,,,,,C
A/duck/Hokkaido/W154/2017,AGCAGG,,,,,,,,CCTTG
A/duck/Hokkaido/W144/2017,AGCAGG,,,,,,,,CCTTG
A/duck/Mongolia/667/2019,AGCAGG,,,,,,,,CCTTG
A/duck/Zhejiang/4637/2013,AGCAGG,,,,,,,,
A/duck/Mongolia/876/2019,AGCAGG,,,,,,,,CC
A/duck/Mongolia/116/2011,AGCAGG,,,,,,,,CCTTG
A/duck/Mongolia/181/2010,AGCAGG,,,,,,,,CCTTGT
A/duck/Mongolia/572/2015,AGCAGG,,,,,,,,CCTTGT
A/duck/Mongolia/144/2005,AGCAGG,,,,,,,,CCTTG
A/duck/Mongolia/146/2010,AGCAGG,,,,,,,,CCTTG
A/duck/Mongolia/27/2011,AGCAGG,,,,,,,,CCTTGT
A/duck/Mongolia/62/2013,AGCAGG,,,,,,,,CCTTGT
A/duck/Mongolia/920/2018,AGCAGG,,,,,,,,CCTTGTTT
A/duck/Mongolia/914/2018,AGCAGG,,,,,,,,CCTTGTTT
A/duck/Mongolia/916/2018,AGCAGG,,,,,,,,CCTTGTTT
A/duck/Mongolia/575/2018,AGCAGG,,,,,,,,CCTT
A/duck/Alaska/429/1991,AGCGAAAGCAGG,,,,,,,,CCTTGTTTCTACT
A/mallard/Alberta/635/1983,AGCGAAAGCAGG,,,,,,,,CCTTGTTTCTACT
A/blue-winged_teal/Guatemala/CIP049H102-32/2011,AGCGAAAGCAGG,,,,,,,,CCTTGTTTCTACT
A/blue-winged_teal/Guatemala/CIP049H102-29/2011,AGCGAAAGCAGG,,,,,,,,CCTTGTTTCTACT
A/blue-winged_teal/Guatemala/CIP049H101-24/2011,AGCGAAAGCAGG,,,,,,,,CCTTGTTTCTACT
A/blue-winged_teal/Guatemala/CIP049H109-38/2012,AGCGAAAGCAGG,,,,,,,,CCTTGTTTCTACT
A/Northern_shoveler/Guatemala/CIP049HT114-14/2013,AGCGAAAGCAGG,,,,,,,,CCTTGTTTCTACT
A/blue-winged_teal/Guatemala/CIP049H109-14/2012,AGCGAAAGCAGG,,,,,,,,CCTTGTTTCTACT
A/blue-winged_teal/Guatemala/CIP049H102-25/2011,AGCGAAAGCAGG,,,,,,,,CCTTGTTTCTACT
A/blue-winged_teal/Guatemala/CIP049H108-67/2012,AGCGAAAGCAGG,,,,,,,,CCTTGTTTCTACT
A/blue-winged_teal/Guatemala/CIP049H102-09/2011,AGCGAAAGCAGG,,,,,,,,CCTTGTTTCTACT
A/blue-winged_teal/Guatemala/CIP049H103-20/2011,AGCGAAAGCAGG,,,,,,,,CCTTGTTTCTACT
A/blue-winged_teal/Guatemala/CIP049H105-08/2011,AGCGAAAGCAGG,,,,,,,,CCTTGTTTCTACT
A/blue-winged_teal/Guatemala/CIP049H109-28/2012,AGCGAAAGCAGG,,,,,,,,CCTTGTTTCTACT
A/blue-winged_teal/Guatemala/CIP049H109-15/2012,AGCGAAAGCAGG,,,,,,,,CCTTGTTTCTACT
A/blue-winged_teal/Guatemala/CIP049H104-93/2011,AGCGAAAGCAGG,,,,,,,,CCTTGTTTCTACT
A/mallard/Alberta/328/2017,AGCGAAAGCAGG,,,,,,,,CCTTGTTTCTACT
A/mallard/California/UCD840/2015,AGCGAAAGCAGG,,,,,,,,CCTTGTTTCTACT
A/blue-winged_teal/Guatemala/CIP049H108-45/2012,AGCGAAAGCAGG,,,,,,,,CCTTGTTTCTACT
A/blue-winged_teal/Guatemala/CIP049H112-60/2012,AGCGAAAGCAGG,,,,,,,,CCTTGTTTCTACT
A/pintail_duck/Alberta/169/1980,AGCGAAAGCAGG,,,,,,,,CCTTGTTTCTACT
A/mallard/Alberta/118/1995,AGCGAAAGCAGG,,,,,,,,CCTTGTTTCTACT
A/swine/Oklahoma/001142/2009,AGCGAAAGCAGG,,,,,,,,
A/swine/Kansas/015252/2009,AGCGAAAGCAGG,,,,,,,,
A/swine/Mexico/AVX32/2012,AGCGAAAGCAGG,,,,,,,,CCTTGTTTCTACT
A/swine/Mexico/AVX64/2014,AGCGAAAGCAGG,,,,,,,,CCTTGTTTCTACT
A/swine/Quebec/1698185/2014,AGCGAAAGCAGG,,,,,,,,CCTTGTTTCTACT
A/swine/Mexico/AVX34/2012,AGCGAAAGCAGG,,,,,,,,CCTTGTTTCTACT
A/swine/Mexico/AVX15/2012,AGCGAAAGCAGG,,,,,,,,CCTTGTTTCTACT
A/swine/Mexico/AVX33/2012,AGCGAAAGCAGG,,,,,,,,CCTTGTTTCTACT
A/swine/Mexico/AVX28/2012,AGCGAAAGCAGG,,,,,,,,CCTTGTTTCTACT
A/swine/Goldenstedt/20754/2014,AGCGAAAGCAGG,,,,,,,,CCTTGTTTCTACT
A/swine/Rietberg/19732/2014,AGCGAAAGCAGG,,,,,,,,CCTTGTTTCTACT
A/swine/Heiden/21511/2015,AGCGAAAGCAGG,,,,,,,,CCTTGTTTCTACT
A/swine/Friesoythe/21704/2015,AGCGAAAGCAGG,,,,,,,,CCTTGTTTCTACT
A/swine/Friesoythe/21674/2015,AGCGAAAGCAGG,,,,,,,,CCTTGTTTCTACT
A/swine/Dreierwalde/21715/2015,AGCGAAAGCAGG,,,,,,,,CCTTGTTGCTACT
A/swine/Rietberg/22412/2015,AGCGAAAGCAGG,,,,,,,,CCTTGTTTCTACT
A/swine/Cloppenburg/22418/2015,AGCGAAAGCAGG,,,,,,,,CCTTGTTTCTACT
A/swine/Mexico/AVX38/2012,AGCGAAAGCAGG,,,,,,,,CCTTGTTTCTACT
A/swine/Mexico/AVX53/2013,AGCGAAAGCAGG,,,,,,,,CCTTGTTTCTACT
A/swine/Mexico/AVX14/2012,AGCGAAAGCAGG,,,,,,,,CCTTGTTTCTACT
A/swine/Mexico/AVX57/2013,AGCGAAAGCAGG,,,,,,,,CCTTGTTTCTACT
A/swine/Mexico/AVX60/2013,AGCGAAAGCAGG,,,,,,,,CCTTGTTTCTACT
A/swine/Mexico/AVX19/2012,AGCGAAAGCAGG,,,,,,,,CCTTGTTTCTACT
A/swine/Mexico/AVX13/2012,AGCGAAAGCAGG,,,,,,,,CCTTGTTTCTACT
A/equine/Kentucky/5/2002,AGCGAAAGCAGG,,,,,,,,CCTTGTTTCTACT
A/equine/Kyonggi/SA1/2011,AGCGAAAGCAGG,,,,,,,,CCTTGTTTCTACT
A/canine/Maine/058124/2016,AGCGAAAGCAGG,,,,,,,,CCTTGTTTCTACT
A/equine/California/CRP419/2019,AGCGAAAGCAGG,,,,,,,,CCTTGTTTCTACT
A/equine/Montana/9564-1/2015,AGCGAAAGCAGG,,,,,,,,CCTTGTTTCTACT
A/equine/Pennsylvania/98683/2011,AGCGAAAGCAGG,,,,,,,,CCTTGTTTCTACT
A/equine/Colina/2012,AGCGAAAGCAGG,,,,,,,,CCTTGTTTCTACT
A/equine/China/Ulumuqi/2015,AGCGAAAGCAGG,,,,,,,,CCTTGTTTCTACT
A/swine/Hong_Kong/81/1978,AGCGAAAGCAGG,,,,,,,,CCTTGTTTCTACT
A/swine/Obihiro/10/1985,AGCGAAAGCAGG,,,,,,,,CCTTGTTTCTACT
A/swine/Shandong/3/2005,AGCGAAAGCAGG,,,,,,,,CCTTGTTTCTACT
A/swine/Brabant/1984,AGCGAAAGCAGG,,,,,,,,CCTTGTT
A/swine/Gent/V229/1992,AGCGAAAGCAGG,,,,,,,,CCTTGTTTCTACT
A/swine/Gent/V220/1992,AGCGAAAGCAGG,,,,,,,,CCTTGTTTCTACT
A/swine/Chonburi/2002,AGCGAAAGCAGG,,,,,,,,CCTTGTTTCTACT
A/swine/Bissendorf/IDT1864/2003,AGCGAAAGCAGG,,,,,,,,CCTTGTTTCTACT
A/swine/Kevelaer/2892/2004,AGCGAAAGCAGG,,,,,,,,CCTTGTTTCTACT
A/swine/Uedem/3024/2004,AGCGAAAGCAGG,,,,,,,,CCTTGTTTCTACT
A/swine/Delmenhorst/3025/2004,AGCGAAAGCAGG,,,,,,,,CCTTGTTTCTACT
A/swine/Friesoythe/12219/2010,AGCGAAAGCAGG,,,,,,,,CCTTGTTTCTACT
A/swine/Kevelaer/9939/2009,AGCGAAAGCAGG,,,,,,,,CCTTGTTTCTACT
A/swine/Deinstedt/9695/2009,AGCGAAAGCAGG,,,,,,,,CCTTGTTTCTACT
A/swine/France/59-120031/2012,AGCGAAAGCAGG,,,,,,,,CCTTGTTTCTACT
A/swine/Boesel/14133/2011,AGCGAAAGCAGG,,,,,,,,CCTTGTTTCTACT
A/swine/Haren/13906/2011,AGCGAAAGCAGG,,,,,,,,CCTTGTTTCTACT
A/swine/Nottuln/18090/2013,AGCGAAAGCAGG,,,,,,,,CCTTGTTTCTACT
A/swine/Haltern/14710/2012,AGCGAAAGCAGG,,,,,,,,CCTTGTTTCTACT
A/swine/Rhede/17728/2013,AGCGAAAGCAGG,,,,,,,,CCTTGTTTCTACT
A/swine/Sprakensehl/14752/2012,AGCGAAAGCAGG,,,,,,,,CCTTGTTTCTACT
A/swine/Bad_Wuennenberg/14810/2012,AGCGAAAGCAGG,,,,,,,,CCTTGTTTCTACT
A/swine/Bad_Wuennenberg/14829/2012,AGCGAAAGCAGG,,,,,,,,CCTTGTTTCTACT
A/swine/Emsbueren/14771/2012,AGCGAAAGCAGG,,,,,,,,CCTTGTTTCTACT
A/swine/Telgte/17626/2013,AGCGAAAGCAGG,,,,,,,,CCTTGTTTCTACT
A/swine/Steinfurt/17118/2013,AGCGAAAGCAGG,,,,,,,,CCTTGTTTCTACT
A/swine/Coesfeld/14741-1/2012,AGCGAAAGCAGG,,,,,,,,CCTTGTTTCTACT
A/swine/Atteln/14453/2011,AGCGAAAGCAGG,,,,,,,,CCTTGTTTCTACT
A/swine/Roswinkel/18812/2013,AGCGAAAGCAGG,,,,,,,,CCTTGTTTCTACT
A/swine/Steinfurt/14736/2012,AGCGAAAGCAGG,,,,,,,,CCTTGTTTCTACT
A/swine/Herzlake/19959/2014,AGCGAAAGCAGG,,,,,,,,CCTTGTTTCTACT
A/swine/Nordwalde/18134/2013,AGCGAAAGCAGG,,,,,,,,CCTTGTTTCTACT
A/swine/Bunnik/17685/2013,AGCGAAAGCAGG,,,,,,,,CCTTGTTTCTACT
A/swine/Altenberge/18142/2013,AGCGAAAGCAGG,,,,,,,,CCTTGTTTCTACT
A/swine/Nieheim/18259/2013,AGCGAAAGCAGG,,,,,,,,CCTTGTTTCTACT
A/swine/Zweiflingen/20028/2014,AGCGAAAGCAGG,,,,,,,,CCTTGTTTCTACT
A/swine/Stapelfeld/18554/2013,AGCGAAAGCAGG,,,,,,,,CCTTGTTTCTACT
A/swine/Boesingen/16789/2012,AGCGAAAGCAGG,,,,,,,,CCTTGTTTCTACT
A/swine/Boitzenborstel/17524/2013,AGCGAAAGCAGG,,,,,,,,CCTTGTTTCTACT
A/swine/Guenne/21206/2015,AGCGAAAGCAGG,,,,,,,,CCTTGTTTCTACT
A/swine/Telgte/19994/2014,AGCGAAAGCAGG,,,,,,,,CCTTGTTGATACT
A/swine/Telgte/19851/2014,AGCGAAAGCAGG,,,,,,,,CCTTGTTTCTACT
A/swine/Telgte/19839/2014,AGCGAAAGCAGG,,,,,,,,CCTTGTTTCTACT
A/swine/Borken/21121/2015,AGCGAAAGCAGG,,,,,,,,CCTTGTTTCTACT
A/swine/Borken/21229/2015,AGCGAAAGCAGG,,,,,,,,CCTTGTTTCTACT
A/swine/Italy/337155/2012,AGCGAAAGCAGG,,,,,,,,CCTTGTTTCTACT
A/swine/Bueren/6971-1/2008,AGCGAAAGCAGG,,,,,,,,CCTTGTTTCTACT
A/swine/Warendorf/6727/2007,AGCGAAAGCAGG,,,,,,,,CCTTGTTTCTACT
A/swine/Langen/7124/2008,AGCGAAAGCAGG,,,,,,,,CCTTGTTTCTACT
A/swine/Ruethen/7174/2008,AGCGAAAGCAGG,,,,,,,,CCTTGTTTCTACT
A/swine/Georgsmarienhuette/6391/2007,AGCGAAAGCAGG,,,,,,,,CCTTGTTTCTACT
A/swine/Iserlohn/8153/2008,AGCGAAAGCAGG,,,,,,,,CCTTGTTTCTACT
A/swine/Sassenberg/8395-1/2008,AGCGAAAGCAGG,,,,,,,,CCTTGTTTCTACT
A/swine/Vreden/7613-2/2008,AGCGAAAGCAGG,,,,,,,,CCTTGTTTCTACT
A/swine/Bad_Griesbach/7186/2008,AGCGAAAGCAGG,,,,,,,,CCTTGTTTCTACT
A/swine/Sendenhorst/10745a/2009,AGCGAAAGCAGG,,,,,,,,CCTTGTTTCTACT
A/swine/Holzwickede/6367a/2007,AGCGAAAGCAGG,,,,,,,,CCTTGTTTCTACT
A/swine/Garrel/9093/2009,AGCGAAAGCAGG,,,,,,,,CCTTGTTTCTACT
A/swine/Warendorf/10669/2009,AGCGAAAGCAGG,,,,,,,,C
A/swine/Lohne/12460/2010,AGCGAAAGCAGG,,,,,,,,CCTTGTTTCTACT
A/swine/Borken/11902/2010,AGCGAAAGCAGG,,,,,,,,CCTTGTTTCTACT
A/swine/Heiden/5945/2007,AGCGAAAGCAGG,,,,,,,,CCTTGTTTCTACT
A/swine/Herford/5932/2007,AGCGAAAGCAGG,,,,,,,,CCTTGTTTCTACT
A/swine/Gnas/5926/2007,AGCGAAAGCAGG,,,,,,,,CCTTGTTTCTACT
A/swine/IVD/5911/2007,AGCGAAAGCAGG,,,,,,,,CCTTGTTTCTACT
A/swine/Feldbach/5907/2007,AGCGAAAGCAGG,,,,,,,,CCTTGTTTCTACT
A/swine/Stadtlohn/5570/2006,AGCGAAAGCAGG,,,,,,,,CCTTGTTTCTACT
A/swine/Harmstrub/5445/2006,AGCGAAAGCAGG,,,,,,,,CCTTGTTTCTACT
A/swine/Nordhuemmling/4917/2006,AGCGAAAGCAGG,,,,,,,,CCTTGTTTCTACT
A/swine/Feldbach/4589/2005,AGCGAAAGCAGG,,,,,,,,CCTTGTTTCTACT
A/swine/Schapen/4566/2005,AGCGAAAGCAGG,,,,,,,,CCTTGTTTCTACT
A/swine/Luenne/4529/2005,AGCGAAAGCAGG,,,,,,,,CCTTGTTTCTACT
A/swine/Wettrup/4615/2005,AGCGAAAGCAGG,,,,,,,,CCTTGTTTCTACT
A/swine/Hoerstel/3763/2004,AGCGAAAGCAGG,,,,,,,,CCTTGTTTCTACT
A/swine/Appel/3339/2004,AGCGAAAGCAGG,,,,,,,,CCTTGTTTCTACT
A/swine/Hassendorf/2929/2004,AGCGAAAGCAGG,,,,,,,,CCTTGTTTCTACT
A/swine/Herzebrock-Clarholz/4193/2005,AGCGAAAGCAGG,,,,,,,,CCTTGTTTCTACT
A/swine/Feldbach/4262/2005,AGCGAAAGCAGG,,,,,,,,CCTTGTTTCTACT
A/swine/Geseke/3766/2004,AGCGAAAGCAGG,,,,,,,,CCTTGTTTCTACT
A/swine/Ruhstorf/3972/2005,AGCGAAAGCAGG,,,,,,,,CCTTGTTTCTACT
A/swine/Melle/3962/2005,AGCGAAAGCAGG,,,,,,,,CCTTGTTTCTACT
A/swine/Isterberg/3951/2005,AGCGAAAGCAGG,,,,,,,,CCTTGTTTCTACT
A/swine/Huerth/3871/2005,AGCGAAAGCAGG,,,,,,,,CCTTGTTTCTACT
A/swine/Melle/3764/2004,AGCGAAAGCAGG,,,,,,,,CCTTGTTTCTACT
A/swine/Osnabrueck/4050/2005,AGCGAAAGCAGG,,,,,,,,CCTTGTTTCTACT
A/swine/Gescher/4011/2005,AGCGAAAGCAGG,,,,,,,,CCTTGTTTCTACT
A/swine/Krempel/4722/2005,AGCGAAAGCAGG,,,,,,,,CCTTGTTTCTACT
A/swine/Vreden/6235/2007,AGCGAAAGCAGG,,,,,,,,CCTTGTTTCTACT
A/swine/Neuenrade/6259/2007,AGCGAAAGCAGG,,,,,,,,CCTTGTTTCTACT
A/swine/Asendorf/4966/2006,AGCGAAAGCAGG,,,,,,,,CCTTGGTTTCTACT
A/swine/Bueren/5439/2006,AGCGAAAGCAGG,,,,,,,,CCTTGTTTCTACT
A/swine/Vilsbiburg/5733/2006,AGCGAAAGCAGG,,,,,,,,CC
A/swine/Bielefeld/6851/2008,AGCGAAAGCAGG,,,,,,,,CCTTGTTTCTACT
A/swine/Meschede/6850/2008,AGCGAAAGCAGG,,,,,,,,CCTTGTTTCTACT
A/swine/Daseburg/5022/2006,AGCGAAAGCAGG,,,,,,,,CCTTGTTTCTACT
A/swine/Holtrup/6358/2007,AGCGAAAGCAGG,,,,,,,,CCTTGTTTCTACT
A/swine/Zevenaar/21030/2014,AGCGAAAGCAGG,,,,,,,,CCTTGTTTCTACT
A/swine/Wielen/21300/2015,AGCGAAAGCAGG,,,,,,,,CCTTGTTTCTACT
A/swine/Billerbeck/14098/2011,AGCGAAAGCAGG,,,,,,,,CCTTGTTTCTACT
A/swine/Hoerstel/13612-2/2011,AGCGAAAGCAGG,,,,,,,,CCTTGTTTCTACT
A/swine/Hoerstel/13612-1/2011,AGCGAAAGCAGG,,,,,,,,CCTTGTTTCTACT
A/swine/Lohne/13611/2011,AGCGAAAGCAGG,,,,,,,,CCTTGTTTCTACT
A/swine/Schoeppingen/12424/2010,AGCGAAAGCAGG,,,,,,,,CCTTGTTTCTACT
A/swine/Georgsdorf/12866/2011,AGCGAAAGCAGG,,,,,,,,CCTTGTTTCTACT
A/swine/Westerstede/10029/2009,AGCGAAAGCAGG,,,,,,,,CCTTGTTTCTACT
A/swine/Roehrse/6764/2008,AGCGAAAGCAGG,,,,,,,,CCTTGTTTCTACT
A/swine/Enger/8648/2009,AGCGAAAGCAGG,,,,,,,,CCTTGTTTCTACT
A/swine/Spenge/8584/2009,AGCGAAAGCAGG,,,,,,,,CCTTGTTTCTACT
A/swine/Willebadessen/9666/2009,AGCGAAAGCAGG,,,,,,,,CCTTGTTTCTACT
A/swine/Boesel/11289/2010,AGCGAAAGCAGG,,,,,,,,CCTTGTTTCTACT
A/swine/Bad_Wuennenberg/17298/2013,AGCGAAAGCAGG,,,,,,,,CCTTGTTTCTACT
A/swine/Ruethen/14808/2012,AGCGAAAGCAGG,,,,,,,,CCTTGTTTCTACT
A/swine/Ascheberg/13209/2011,AGCGAAAGCAGG,,,,,,,,CCTTGTTTCTACT
A/swine/Rotthalmuenster/5877/2007,AGCGAAAGCAGG,,,,,,,,CCTTGTTTCTACT
A/swine/Melle/6137/2007,AGCGAAAGCAGG,,,,,,,,CCTTGTTTCTACT
A/swine/Gescher/5194/2006,AGCGAAAGCAGG,,,,,,,,CCTTGTTTCTACT
A/swine/Melle/5190/2006,AGCGAAAGCAGG,,,,,,,,CCTTGTTTCTACT
A/swine/Hilter/5143/2006,AGCGAAAGCAGG,,,,,,,,CCTTGTTTCTACT
A/swine/Feldbach/6605/2007,AGCGAAAGCAGG,,,,,,,,CCTTGTTTCTACT
A/swine/Stresow/7919a/2008,AGCGAAAGCAGG,,,,,,,,CCTTGTTTCTACT
A/swine/Sassenberg/3762/2004,AGCGAAAGCAGG,,,,,,,,CCTTGTTCCTACT
A/swine/Tetenbuell/9718/2009,AGCGAAAGCAGG,,,,,,,,CCTTGTTTCTACT
A/swine/Rhede/20749/2014,AGCGAAAGCAGG,,,,,,,,CCTTGTTTCTACT
A/swine/Spain/21350/2015,AGCGAAAGCAGG,,,,,,,,CCTTGTTTCTACT
A/chicken/Guangxi/125C8/2012,AGCGAAAGCAGG,,,,,,,,CCTTGTTTCTACT
A/canine/Florida/20170606-9/2017,AGCGAAAGCAGG,,,,,,,,CCTTGTTTCTACT
A/canine/Florida/20170606-8/2017,AGCGAAAGCAGG,,,,,,,,CCTTGTTTCTACT
A/canine/Florida/20170606-18/2017,AGCGAAAGCAGG,,,,,,,,CCTTGTTTCTACT
A/canine/Illinois/M16-25374-19-1/2016,AGCGAAAGCAGG,,,,,,,,CCTTGTTTCTACT
A/canine/South_Korea/0173915/2015,AGCGAAAGCAGG,,,,,,,,CCTTGTTTCTACT
A/canine/Illinois/M17-05782-7-1/2017,AGCGAAAGCAGG,,,,,,,,CCTTGTTTCTACT
A/canine/Illinois/M17-05782-4-1/2017,AGCGAAAGCAGG,,,,,,,,CCTTGTTTCTACT
A/canine/Illinois/M17-05782-11-1/2017,AGCGAAAGCAGG,,,,,,,,CCTTGTTTCTACT
A/canine/Illinois/M17-05782-8-1/2017,AGCGAAAGCAGG,,,,,,,,CCTTGTTTCTACT
A/canine/Illinois/M16-25374-14-1/2016,AGCGAAAGCAGG,,,,,,,,CCTTGTTTCTACT
A/canine/Illinois/M16-16391-2-1/2016,AGCGAAAGCAGG,,,,,,,,CCTTGTTTCTACT
A/canine/Illinois/M16-30480-3-1/2016,AGCGAAAGCAGG,,,,,,,,CCTTGTTTCTACT
A/canine/Illinois/187427-16-7/2016,AGCGAAAGCAGG,,,,,,,,CCTTGTTTCTACT
A/canine/Illinois/20170110-2G1/2016,AGCGAAAGCAGG,,,,,,,,CCTTGTTTCTACT
A/canine/Illinois/20170110-2F1/2016,AGCGAAAGCAGG,,,,,,,,CCTTGTTTCTACT
A/canine/South_Korea/20170110-1F1/2016,AGCGAAAGCAGG,,,,,,,,CCTTGTTTCTACT
A/canine/Beijing/362/2009,AGCGAAAGCAGG,,,,,,,,CCTTGTTTCTACT
A/canine/Korea/MV1/2012,AGCGAAAGCAGG,,,,,,,,CCTTGTTTCTACT
A/duck/Nanchang/8-174/2000,AGCGAAAGCAGG,,,,,,,,CCTTGTTTCTACT
A/chicken/Nanchang/7-010/2000,AGCGAAAGCAGG,,,,,,,,CCTTGTTTCTACT
A/quail/Nanchang/7-026/2000,AGCGAAAGCAGG,,,,,,,,CCTTGTTTCTACT
A/shearwater/Australia/405/1978,AGCGAAAGCAGG,,,,,,,,CCTTGTTTCTACT
A/duck/Shanghai/74-1/2009,AGCGAAAGCAGG,,,,,,,,CCTTGTT
A/duck/China/322D22/2018,AGCGAAAGCAGG,,,,,,,,CCTTGTTTCTACT
A/Duck/Foshan/11/2019,AGCGAAAGCAGG,,,,,,,,CCTTGTTTCTACT
A/duck/Guangxi/112D4/2012,AGCGAAAGCAGG,,,,,,,,CCTTGTTTCTACT
A/Wild_Bird/South_Korea/KNU2020-77/2020,AGCGAAAGCAGG,,,,,,,,CACTTGT
A/Wild_Duck/South_Korea/KNU2020-74/2020,AGCGAAAGCAGG,,,,,,,,CACTTGT
A/Wild_duck/South_Korea/KNU2020-104/2020,AGCGAAAGCAGG,,,,,,,,CACTTGT
A/duck/Moscow/5169/2015,AGCGAAAGCAGG,,,,,,,,CCTTGTTTCTACT
A/duck/Moscow/5172/2015,AGCGAAAGCAGG,,,,,,,,CCTTGTTTCTACT
A/duck/Mongolia/129/2015,AGCGAAAGCAGG,,,,,,,,CCTTGTTTC
A/duck/Mongolia/199/2015,AGCGAAAGCAGG,,,,,,,,CCTTGTTTCTACT
A/duck/Mongolia/208/2015,AGCGAAAGCAGG,,,,,,,,CCTTGT
A/duck/Mongolia/167/2015,AGCGAAAGCAGG,,,,,,,,CCTTGTTT
A/duck/Hokkaido/15/2015,AGCGAAAGCAGG,,,,,,,,CCTTGTTTCTCACT
A/duck/Moscow/5881/2021,AGCGAAAGCAGG,,,,,,,,CCTTGTTTCTACT
A/mallard/Jiangxi/1-19/2010,AGCGAAAGCAGG,,TAC,,CTC,,CGAGCA,AATCGT,CCTTGTTTCTACT
A/swine/Hong_Kong/126/1982,AGCGAAAGCAGG,,,,,,,,CCTTGTTTCTACT
A/red-fronted_coot/Chile/5/2013,AGCGAAAGCAGG,,,,,,,,
A/green-winged_teal/Minnesota/Sg-00131/2007,GCAGG,,,,,,,,
A/ruddy_turnstone/New_Jersey/Sg-00553/2008,GCAGG,,,,,,,,CCTTGTTTCTACT
A/ruddy_turnstone/New_Jersey/Sg-00523/2008,GCAGG,,,,,,,,CCTTGTTTCTACT
A/ruddy_turnstone/New_Jersey/Sg-00543/2008,GCAGG,,,,,,,,CCTTGTTTCTACT
A/Swine/Minnesota/593/99,GCAGG,,,,,T,,,CCTTGTTTCTACTA
A/equine/Guangxi/1/2008,GCAGG,,,,,,,,
A/muscovy_duck/Vietnam/LBM437/2013,GCAGG,,,,,,,,
A/Mallard/SanJiang/90/2006,GCAGG,,,,,,,,CCTTGTTTC
A/muscovy_duck/Vietnam/LBM115/2012,GCAGG,,,,,,,,
A/duck/Mongolia/906/2018,GCAGG,,,,,,,,CCTTG
A/harbor_seal/New_Hampshire/UCD179629mdck/2017,AGCAAAAGCAGG,,,,,,,,CCTTGTTTCTACT
A/harbor_seal/New_Hampshire/ES10B48H3/2019,AGCAAAAGCAGG,,,,,,,,CCTTGTTTCTACT
A/harbor_seal/New_Hampshire/M11t72H3/2018,AGCAAAAGCAGG,,,,,,,,CCTTGTTTCTACT
A/harbor_seal/New_Hampshire/ES10B72H3/2019,AGCAAAAGCAGG,,,,,,,,CCTTGTTTCTACT
A/harbor_seal/New_Hampshire/M15t72H3/2018,AGCAAAAGCAGG,,,,,,,,CCTTGTTTCTACT
A/harbor_seal/New_Hampshire/SL06B48H3/2018,AGCAAAAGCAGG,,,,,,,,CCTTGTTTCTACT
A/harbor_seal/New_Hampshire/SL06B72H3/2018,AGCAAAAGCAGG,,,,,,,,CCTTGTTTCTACT
A/Mallard/North_Dakota/AH0004268S.1.A/2015,AGCAAAAGCAGG,,,,,,,,CCTTGTTTCTACT
A/blue-winged_teal/Guatemala/CIP049-I_H115-29/2013,AGCAAAAGCAGG,,,,,,,,CCTTGTTTCTACT
A/blue-winged_teal/Guatemala/CIP049-S_H115-29/2013,AGCAAAAGCAGG,,,,,,,,CCTTGTTTCTACT
A/mallard/California/SL06B72maH3/2018,AGCAAAAGCAGG,,,,,,,,CCTTGTTTCTACT
A/mallard/California/M15t72maH3/2018,AGCAAAAGCAGG,,,,,,,,CCTTGTTTCTACT
A/mallard/California/UCD101475mdck/2016,AGCAAAAGCAGG,,,,,,,,CCTTGTTTCTACT
A/blue-winged_teal/Guatemala/CIP049-I_H116-16/2013,AGCAAAAGCAGG,,,,,,,,CCTTGTTTCTACT
A/mallard_duck/California/UCD705/2016,AGCAAAAGCAGG,,,,,,,,CCTTGTTTCTACT
A/mallard_duck/California/UCD704/2016,AGCAAAAGCAGG,,,,,,,,CCTTGTTTCTACT
A/mallard_duck/California/UCD703/2016,AGCAAAAGCAGG,,,,,,,,CCTTGTTTCTACT
A/blue-winged_teal/Guatemala/CIP049-S_H116-76/2013,AGCAAAAGCAGG,,,,,,,,CCTTGTTTCTACT
A/American_Green-Winged_Teal/Alaska/19TL00145/2019,AGCAAAAGCAGG,,,,,,,,CCTTGTTTCTACT
A/blue-winged_teal/Alberta/162/2017,AGCAAAAGCAGG,,,,,,,,CCTTGTTTCTAC
A/blue-winged_teal/Illinois/15OS6152/2015,AGCAAAAGCAGG,,,,,,,,CCTTGTTTCTACT
A/blue-winged_teal/Guatemala/CIP049-I_H116-17/2013,AGCAAAAGCAGG,,,,,,,,CCTTGTTTCTACT
A/blue-winged_teal/Guatemala/CIP049-S_H116-17/2013,AGCAAAAGCAGG,,,,,,,,CCTTGTTTCTACT
A/Mallard/North_Dakota/AH0050148S.1.A/2015,AGCAAAAGCAGG,,,,,,,,
A/mallard/Ohio/15OS4288/2015,AGCAAAAGCAGG,,,,,,,,CCTTGTTTCTACT
A/Mallard/Pennsylvania/AH0119429S.1.A/2017,AGCAAAAGCAGG,,,,,,,,CCTTGTTTCTACT
A/Blue-winged_Teal/Wisconsin/AH0099825S.1.A/2016,AGCAAAAGCAGG,,,,,,,,CCTTGTTTCTACT
A/Mallard/Ohio/17OS1931/2017,AGCAAAAGCAGG,,,,,,,,CCTTGTTTCTAC
A/Northern_Pintail/Alaska/19TL00162/2019,AGCAAAAGCAGG,,,,,,,,CCTTGTTTCTACT
A/swine/Ohio/16TOSU3157/2016,AGCAAAAGCAGG,,,,,,,,CCTTGTTTCTAC
A/swine/Kansas/A01378045/2019,AGCAAAAGCAGG,,,,,,,,CCTTGTTTCTACT
A/swine/Indiana/17TOSU1827/2017,AGCAAAAGCAGG,,,,,,,,CCTTGTTTCTACT
A/swine/Indiana/17TOSU1832/2017,AGCAAAAGCAGG,,,,,,,,CCTTGTTTCTACT
A/swine/Indiana/17TOSU1839/2017,AGCAAAAGCAGG,,,,,,,,CCTTGTTTCTACT
A/swine/Indiana/17TOSU1840/2017,AGCAAAAGCAGG,,,,,,,,CCTTGTTTCTACT
A/swine/Maule/VN1401-3982/2018,AGCAAAAGCAGG,,,,,,,,CCTTGTTTCTACT
A/swine/Maule/VN1401-3983/2018,AGCAAAAGCAGG,,,,,,,,CCTTGTTTCTACT
A/swine/Maule/VN1401-3981/2018,AGCAAAAGCAGG,,,,,,,,CCTTGTTTCTACT
A/swine/Valparaiso/VN1401-3773/2018,AGCAAAAGCAGG,,,,,,,,CCTTGTTTCTACT
A/swine/Los_Andes/VN1401-3086/2017,AGCAAAAGCAGG,,,,,,,,CCTTGTTTCTACT
A/swine/Mexico/AVX35/2012,AGCAAAAGCAGG,,,,,,,,CCTTGTTTCTACT
A/wildbird/California/187718-36/2008,AGCAAAAGCAGG,,,,,,,,CCTTGTTTCTACT
A/canine/Florida/15592.1/2004,AGCAAAAGCAGG,,,,,,,,CCTTGTTTCTACT
A/canine/Pennsylvania/96978/2009,AGCAAAAGCAGG,,,,,,,,CCTTGTTTCTACT
A/canine/Connecticut/85863/2011,AGCAAAAGCAGG,,,,,,,,CCTTGTTTCTACT
A/canine/New_York/3699/2010,AGCAAAAGCAGG,,,,,,,,CCTTGTTTCTACT
A/canine/New_York/1623.1/2010,AGCAAAAGCAGG,,,,,,,,CCTTGTTTCTACT
A/canine/New_York/159903/2012,AGCAAAAGCAGG,,,,,,,,CCTTGTTTCTACT
A/canine/Vermont/278213/2013,AGCAAAAGCAGG,,,,,,,,CCTTGTTTCTACT
A/canine/Massachusetts/26810/2016,AGCAAAAGCAGG,,,,,,,,CCTTGTTTCTACT
A/equine/Himachal_Pradesh/CMVL-YOL2/2008,AGCAAAAGCAGG,,,,,,,,CCTTGTTTCTACT
A/equine/New_York/034924/2020,AGCAAAAGCAGG,,,,,,,,CCTTGTTTCTACT
A/equine/New_York/036952/2020,AGCAAAAGCAGG,,,,,,,,CCTTGTTTCTACT
A/equine/United_Kingdom/PM093/2019,AGCAAAAGCAGG,,,,,,,,CCTTGTTTCTACT
A/equine/United_Kingdom/PM085/2019,AGCAAAAGCAGG,,,,,,,,CCTTGTTTCTACT
A/equine/United_Kingdom/PM083/2019,AGCAAAAGCAGG,,,,,,,,CCTTGTTTCTACT
A/equine/United_Kingdom/PM084/2019,AGCAAAAGCAGG,,,,,,,,CCTTGTTTCTACT
A/equine/United_Kingdom/PM009/2019,AGCAAAAGCAGG,,,,,,,,CCTTGTTTCTACT
A/equine/United_Kingdom/PM094/2019,AGCAAAAGCAGG,,,,,,,,CCTTGTTTCTACT
A/equine/United_Kingdom/PM090/2019,AGCAAAAGCAGG,,,,,,,,CCTTGTTTCTACT
A/equine/United_Kingdom/PM082/2019,AGCAAAAGCAGG,,,,,,,,CCTTGTTTCTACT
A/equine/United_Kingdom/PM080/2019,AGCAAAAGCAGG,,,,,,,,CCTTGTTTCTACT
A/equine/United_Kingdom/PM096/2019,AGCAAAAGCAGG,,,,,,,,CCTTGTTTCTACT
A/equine/Oklahoma/9241/2019,AGCAAAAGCAGG,,,,,,,,CCTTGTTTCTACT
A/equine/Texas/1/2020,AGCAAAAGCAGG,,,,,,,,CCTTGTTTCTACT
A/equine/Texas/CRP421/2019,AGCAAAAGCAGG,,,,,,,,CCTTGTTTCTACT
A/equine/Concepcion/RO7C/2018,AGCAAAAGCAGG,,,,,,,,CCTTGTTTCTACT
A/equine/Concepcion/RO1C/2018,AGCAAAAGCAGG,,,,,,,,CCTTGTTTCTACT
A/equine/Concepcion/RO6C/2018,AGCAAAAGCAGG,,,,,,,,CCTTGTTTCTACT
A/equine/Concepcion/RO3C/2018,AGCAAAAGCAGG,,,,,,,,CCTTGTTTCTACT
A/equine/Santiago/TT13A/2018,AGCAAAAGCAGG,,,,,,,,CCTTGTTTCTACT
A/equine/Santiago/TT10A/2018,AGCAAAAGCAGG,,,,,,,,CCTTGTTTCTACT
A/equine/Santiago/TT11A/2018,AGCAAAAGCAGG,,,,,,,,CCTTGTTTCTACT
A/equine/Santiago/TT16A/2018,AGCAAAAGCAGG,,,,,,,,CCTTGTTTCTACT
A/equine/Curico/RO7B/2018,AGCAAAAGCAGG,,,,,,,,CCTTGTTTCTACT
A/equine/Curico/RO3B/2018,AGCAAAAGCAGG,,,,,,,,CCTTGTTTCTACT
A/equine/New_Jersey/93950/2015,AGCAAAAGCAGG,,,,,,,,CCTTGTTTCTACT
A/equine/New_Hampshire/315579/2015,AGCAAAAGCAGG,,,,,,,,CCTTGTTTCTACT
A/equine/North_Carolina/202527/2016,AGCAAAAGCAGG,,,,,,,,CCTTGTTTCTACT
A/equine/New_York/135857/2016,AGCAAAAGCAGG,,,,,,,,CCTTGTTTCTACT
A/equine/Georgia/121362-16/2016,AGCAAAAGCAGG,,,,,,,,CCTTGTTTCTACT
A/equine/New_York/CRP413/2015,AGCAAAAGCAGG,,,,,,,,CCTTGTTTCTACT
A/equine/California/3/2020,AGCAAAAGCAGG,,,,,,,,CCTTGTTTCTACT
A/equine/Iowa/1/2021,AGCAAAAGCAGG,,,,,,,,CCTTGTTTCTACT
A/equine/Missouri/1/2022,AGCAAAAGCAGG,,,,,,,,CCTTGTTTCTACT
A/equine/California/5/2020,AGCAAAAGCAGG,,,,,,,,CCTTGTTTCTACT
A/equine/Florida/2/2022,AGCAAAAGCAGG,,,,,,,,CCTTGTTTCTACT
A/equine/New_York/82128/2014,AGCAAAAGCAGG,,,,,,,,CCTTGTTTCTACT
A/equine/New_York/CRP412/2013,AGCAAAAGCAGG,,,,,,,,CCTTGTTTCTACT
A/equine/Oregon/78356/2012,AGCAAAAGCAGG,,,,,,,,CCTTGTTTCTACT
A/equine/Florida/146609/2011,AGCAAAAGCAGG,,,,,,,,CCTTGTTTCTACT
A/equine/Rhode_Island/1/2021,AGCAAAAGCAGG,,,,,,,,CCTTGTTTCTACT
A/equine/Quillota/2/1992,AGCAAAAGCAGG,,,,,,,,CCTTGTTTCTACT
A/equine/Kentucky/2/1986,AGCAAAAGCAGG,,,,,,,,CCTTGTTTCTACT
A/swine/Mumbai/mum15/2018,AGCAAAAGCAGG,,,,,,,,
A/swine/Guangdong/01/1998,AGCAAAAGCAGG,,,,,,,,CCTTGTTTCTACT
A/swine/Chachoengsao/2002,AGCAAAAGCAGG,,,,,,,,CCTTGTTTCTACT
A/swine/Spain/46314-2/2020,AGCAAAAGCAGG,,,,,,,,CCTTGTTTCTACT
A/swine/Spain/45690-11/2019,AGCAAAAGCAGG,,,,,,,,CCTTGTTTCTACT
A/swine/Spain/45690-12/2019,AGCAAAAGCAGG,,,,,,,,CCTTGTTTCTACT
A/swine/Spain/45690-10/2018,AGCAAAAGCAGG,,,,,,,,CCTTGTTTCTACT
A/swine/Spain/45690-1/2016,AGCAAAAGCAGG,,,,,,,,CCTTGTTTCTACT
A/canine/Georgia/20170606-19/2017,AGCAAAAGCAGG,,,,,,,,CCTTGTTTCTACT
A/canine/California/84315/2017,AGCAAAAGCAGG,,,,,,,,CCTTGTTTCTACT
A/canine/Guangdong/DY1/2019,AGCAAAAGCAGG,,,,,,,,CCTTGTTTCTACT
A/canine/Illinois/077753/2016,AGCAAAAGCAGG,,,,,,,,CCTTGTTTCTACT
A/canine/Wisconsin/19137/2016,AGCAAAAGCAGG,,,,,,,,CCTTGTTTCTACT
A/canine/Indiana/003018/2016,AGCAAAAGCAGG,,,,,,,,CCTTGTTTCTACT
A/canine/Texas/343907/2015,AGCAAAAGCAGG,,,,,,,,CCTTGTTTCTACT
A/canine/Illinois/283066/2015,AGCAAAAGCAGG,,,,,,,,CCTTGTTTCTACT
A/canine/Indiana/96198/2015,AGCAAAAGCAGG,,,,,,,,CCTTGTTTCTACT
A/canine/Illinois/2883703/2015,AGCAAAAGCAGG,,,,,,,,CCTTGTTTCTACT
A/canine/Illinois/1619144/2015,AGCAAAAGCAGG,,,,,,,,CCTTGTTTCTACT
A/canine/Illinois/0843093/2015,AGCAAAAGCAGG,,,,,,,,CCTTGTTTCTACT
A/canine/North_Carolina/109904/2015,AGCAAAAGCAGG,,,,,,,,CCTTGTTTCTACT
A/canine/Georgia/104940/2015,AGCAAAAGCAGG,,,,,,,,CCTTGTTTCTACT
A/canine/Georgia/95391/2015,AGCAAAAGCAGG,,,,,,,,CCTTGTTTCTACT
A/mallard_duck/Netherlands/60/2006,AGCAAAAGCAGG,,,,,,,,CCTTGTTTCTACT
A/gadwall_duck/Netherlands/3/2006,AGCAAAAGCAGG,,,,,,,,CCTTGTTTCTACT
A/duck/Vietnam/HN6425/2020,AGCAAAAGCAGG,,,,,,,,CCTTGTTTCTACT
A/Muscovy_duck/Vietnam/HN5629/2019,AGCAAAAGCAGG,,,,,,,,CCTTGTTTCTACT
A/mallard_duck/Netherlands/08/2000,AGCAAAAGCAGG,,,,,,,,CCTTGTTTCTACT
A/common_teal/Netherlands/07/2000,AGCAAAAGCAGG,,,,,,,,CCTTGTTTCTACT
A/Muscovy_duck/Vietnam/HN4903/2018,AGCAAAAGCAGG,,,,,,,,CCTTGTTTCTACT
A/Muscovy_duck/Vietnam/HN4910/2018,AGCAAAAGCAGG,,,,,,,,CCTTGTTTCTACT
A/duck/Vietnam/HN4917/2018,AGCAAAAGCAGG,,,,,,,,CCTTGTTTCTACT
A/duck/Vietnam/HN5003/2018,AGCAAAAGCAGG,,,,,,,,CCTTGTTTCTACT
A/mallard_duck/Netherlands/2/2013,AGCAAAAGCAGG,,,,,,,,CCTTGTTTCTACT
A/turnstone/Netherlands/1/2010,AGCAAAAGCAGG,,,,,,,,CCTTGTTTCTACT
A/mallard_duck/Netherlands/13/2012,AGCAAAAGCAGG,,,,,,,,CCTTGTTTCTACT
A/mallard_duck/Netherlands/34/2010,AGCAAAAGCAGG,,,,,,,,CCTTGTTTCTACT
A/mallard_duck/Netherlands/6/2013,AGCAAAAGCAGG,,,,,,,,CCTTGTTTCTACT
A/Arenaria_interpres/Belgium/9365_2/2019,AGCAAAAGCAGG,,,,,,,,CCTTGTTTCTACT
A/pintail/Egypt/MB-D-384C/2015,AGCAAAAGCAGG,,,,,,,,CCTTGTTTCTACT
A/duck/Vietnam/HN5616/2019,AGCAAAAGCAGG,,,,,,,,CCTTGTTTCTACT
A/duck/Vietnam/HN5474/2019,AGCAAAAGCAGG,,,,,,,,CCTTGTTTCTACT
A/Muscovy_duck/Vietnam/HN5485/2019,AGCAAAAGCAGG,,,,,,,,CCTTGTTTCTACT
A/duck/Vietnam/HN5620/2019,AGCAAAAGCAGG,,,,,,,,CCTTGTTTCTACT
A/duck/Vietnam/HN4911/2018,AGCAAAAGCAGG,,,,,,,,CCTTGTTTCTACT
A/duck/Vietnam/HN5687/2019,AGCAAAAGCAGG,,,,,,,,CCTTGTTTCTACT
A/duck/Vietnam/HN5686/2019,AGCAAAAGCAGG,,,,,,,,CCTTGTTTCTACT
A/duck/Vietnam/HN6479/2020,AGCAAAAGCAGG,,,,,,,,CCTTGTTTCTACT
A/duck/Vietnam/QN6586/2020,AGCAAAAGCAGG,,,,,,,,CCTTGTTTCTACT
A/duck/Vietnam/QN6589/2020,AGCAAAAGCAGG,,,,,,,,CCTTGTTTCTACT
A/duck/Vietnam/HN6212/2020,AGCAAAAGCAGG,,,,,,,,CCTTGTTTCTACT
A/duck/Vietnam/HN6211/2020,AGCAAAAGCAGG,,,,,,,,CCTTGTTTCTACT
A/duck/Vietnam/HN6617/2020,AGCAAAAGCAGG,,,,,,,,CCTTGTTTCTACT
A/duck/Vietnam/HN6569/2020,AGCAAAAGCAGG,,,,,,,,CCTTGTTTCTACT
A/duck/Vietnam/HN6561/2020,AGCAAAAGCAGG,,,,,,,,CCTTGTTTCTACT
A/Muscovy_duck/Vietnam/QN6297/2020,AGCAAAAGCAGG,,,,,,,,CCTTGTTTCTACT
A/duck/Vietnam/HN5426/2019,AGCAAAAGCAGG,,,,,,,,CCTTGTTTCTACT
A/duck/Vietnam/HN5421/2019,AGCAAAAGCAGG,,,,,,,,CCTTGTTTCTACT
A/duck/Vietnam/HN4931/2018,AGCAAAAGCAGG,,,,,,,,CCTTGTTTCTACT
A/mallard_duck/Netherlands/1/2003,AGCAAAAGCAGG,,,,,,,,CCTTGTTTCTACT
A/mallard_duck/Netherlands/2/2003,AGCAAAAGCAGG,,,,,,,,CCTTGTTTCTACT
A/mallard_duck/Netherlands/1/2004,AGCAAAAGCAGG,,,,,,,,CCTTGTTTCTACT
A/mallard_duck/Netherlands/14/2011,AGCAAAAGCAGG,,,,,,,,CCTTGTTTCTACT
A/mallard_duck/Netherlands/51/2008,AGCAAAAGCAGG,,,,,,,,CCTTGTTTCTACT
A/mallard/Netherlands/39/2008,AGCAAAAGCAGG,,,,,,,,CCTTGTTTCTACT
A/dunlin/Netherlands/2/2007,AGCAAAAGCAGG,,,,,,,,CCTTGTTTCTACT
A/turnstone/Netherlands/2/2007,AGCAAAAGCAGG,,,,,,,,CCTTGTTTCTACT
A/dunlin/Netherlands/3/2007,AGCAAAAGCAGG,,,,,,,,CCTTGTTTCTACT
A/turnstone/Netherlands/1/2007,AGCAAAAGCAGG,,,,,,,,CCTTGTTTCTACT
A/turnstone/Netherlands/4/2008,AGCAAAAGCAGG,,,,,,,,CCTTGTTTCTACT
A/turnstone/Netherlands/3/2008,AGCAAAAGCAGG,,,,,,,,CCTTGTTTCTACT
A/duck/Vietnam/HN4792/2018,AGCAAAAGCAGG,,,,,,,,CCTTGTTTCTACT
A/duck/Vietnam/HN4793/2018,AGCAAAAGCAGG,,,,,,,,CCTTGTTTCTACT
A/duck/Vietnam/HN4798/2018,AGCAAAAGCAGG,,,,,,,,CCTTGTTTCTACT
A/duck/Vietnam/HN4797/2018,AGCAAAAGCAGG,,,,,,,,CCTTGTTTCTACT
A/Muscovy_duck/Vietnam/HN5489/2019,AGCAAAAGCAGG,,,,,,,,CCTTGTTTCTACT
A/mallard_duck/Netherlands/7/2008,AGCAAAAGCAGG,,,,,,,,CCTTGTTTCTACT
A/mallard_duck/Netherlands/34/2006,AGCAAAAGCAGG,,,,,,,,CCTTGTTTCTACT
A/mallard_duck/Netherlands/13/2009,AGCAAAAGCAGG,,,,,,,,CCTTGTTTCTACT
A/mallard_duck/Netherlands/30/2010,AGCAAAAGCAGG,,,,,,,,CCTTGTTTCTACT
A/mallard/Netherlands/29/2013,AGCAAAAGCAGG,,,,,,,,CCTTGTTTCTACT
A/mallard_duck/Netherlands/16/2012,AGCAAAAGCAGG,,,,,,,,CCTTGTTTCTACT
A/Eurasian_teal/Netherlands/1/2011,AGCAAAAGCAGG,,,,,,,,CCTTGTTTCTACT
A/barnacle_goose/Netherlands/2/2014,AGCAAAAGCAGG,,,,,,,,CCTTGTTTCTACT
A/mallard/Netherlands/21/2016,AGCAAAAGCAGG,,,,,,,,CCTTGTTTCTACT
A/duck/Vietnam/HN5953/2019,AGCAAAAGCAGG,,,,,,,,CCTTGTTTCTACT
A/duck/Vietnam/HN5956/2019,AGCAAAAGCAGG,,,,,,,,CCTTGTTTCTACT
A/duck/Vietnam/HN5955/2019,AGCAAAAGCAGG,,,,,,,,CCTTGTTTCTACT
A/duck/Vietnam/HN5952/2019,AGCAAAAGCAGG,,,,,,,,CCTTGTTTCTACT
A/duck/Vietnam/HN5958/2019,AGCAAAAGCAGG,,,,,,,,CCTTGTTTCTACT
A/Bewick_swan/Netherlands/5/2007,AGCAAAAGCAGG,,,,,,,,CCTTGTTTCTACT
A/duck/Assam/DUOR1512100004/2015,AGCAAAAGCAGG,,,,,,,,
A/duck/Vietnam/HN5001/2018,AGCAAAAGCAGG,,,,,,,,CCTTGTTTCTACT
A/black-headed_gull/Chile/C38075/2018,AGCAAAAGCAGG,,,,,,,,CCTTGTTTCTACT
A/black_skimmer/Chile/C26100/2017,AGCAAAAGCAGG,,,,,,,,CCTTGTTTCTACT
A/red-gartered_coot/Chile/C16030/2016,AGCAAAAGCAGG,,,,,,,,CCTTGTTTCTACT
A/mallard/Ohio/17OS5967/2017,AAAGCAGG,,,,,,,,CCTTGTTTCTACT
A/mallard/Ohio/17OS1806/2017,AAAGCAGG,,,,,,,,
A/mallard/Ohio/17OS1804/2017,AAAGCAGG,,,,,,,,
A/mallard/Ohio/17OS1795/2017,AAAGCAGG,,,,,,,,CCTTGTTT
A/mallard/Ohio/17OS1796/2017,AAAGCAGG,,,,,,,,CCTTGTTT
A/mallard/Ohio/17OS1802/2017,AAAGCAGG,,,,,,,,CCTTGTTTCTAC
A/mallard/Ohio/17OS1807/2017,AAAGCAGG,,,,,,,,CCTTGTTTCTAC
A/blue-winged_teal/Alberta/456/2017,AAAGCAGG,,,,,,,,CCTTGTTTCTAC
A/duck/Zhejiang/4613/2013,AAAGCAGG,,,,,,,,
A/Mallard/Pennsylvania/AH0119459S.1.A/2017,AAAAGCAGG,,,,,,,,CCTTGTTTCTACT
A/swine/Mexico/7932475/2010,GG,,,,,,,,CTT
A/swine/Mexico/9783514/2013,GG,,,,,,,,CTT
A/swine/Mexico/9562931/2013,GG,,,,,,,,CCTTGTTTCTACT
A/Spot-billed_duck/South_Korea/KNU2020-105/2020,GG,,,,,,,,
A/equine/Massachussetts/213/2003,AACACTATA,,,,,,,,
A/Equus_ferus_caballus/USA/82889/2019,AGCAAAGCAGG,,,,,,,,CCTTGTTTCTACT
A/Equus_ferus_caballus/USA/51053/2019,AGCAAAGCAGG,,,,,,,,CCTTGTTTCTACT
A/Equus_ferus_caballus/USA/72778/2019,AGCAAAGCAGG,,,,,,,,CCTTGTTTCTACT
A/Equus_ferus_caballus/USA/53954/2019,AGCAAAGCAGG,,,,,,,,CCTTGTTTCTACT
A/Equus_ferus_caballus/USA/48519/2019,AGCAAAGCAGG,,,,,,,,CCTTGTTTCTACT
A/Equus_ferus_caballus/USA/176576/2019,AGCAAAGCAGG,,,,,,,,CCTTGTTTCTACT
A/canine/Ohio/188191/2017,AGCAAAGCAGG,,,,,,,,CCTTGTTTCTACT
A/swine/Nakhon_Pathom/2002,AGCACAAGCAGG,,,,,,,,CCTTGTATATACT
A/duck/Zhejiang/4812/2013,GAAAGCAGG,,,,,,,,
A/duck/Zhejiang/4625/2013,GAAAGCAGG,,,,,,,,
A/muscovy_duck/Vietnam/LBM348/2013,G,,,,,,,,
A/duck/Mongolia/620/2018,G,,,,,,,,C
A/duck/Mongolia/618/2018,G,,,,,,,,CC
A/duck/Mongolia/921/2018,G,,,,,,,,CC
A/pigeon/Anhui/08/2013,TTATTCGTCTCAGGGAGCAAAAGCAGG,,,,,,,,CCTTGTTTCTACTAATACGAGACGATATA
A/duck/Mongolia/179/2015,AAGCAGG,,,,,,,,CCTTGTTTCTACT
A/duck/Mongolia/996/2015,AAGCAGG,,,,,,,,C
A/duck/Mongolia/278/2011,AAGCAGG,,,,,,,,CCTTGT
A/duck/Moscow/5163/2015,AAGCAGG,,,,,,,,CCTT
A/duck/Moscow/5171/2015,AAGCAGG,,,,,,,,CCTTGTTTCTACT
A/duck/Mongolia/248/2010,AAGCAGG,,,,,,,,CCTTGT
A/duck/Mongolia/29/2011,AAGCAGG,,,,,,,,CCTTGT
A/duck/Hokkaido/20/2015,AAGCAGG,,,,,,,,CCTTGT
A/duck/Mongolia/210/2018,AAGCAGG,,,,,,,,CC
A/duck/Mongolia/314/2018,AAGCAGG,,,,,,,,CCTTGTT
A/duck/South_Africa/1108/2004,AGCGAATGCAGG,,,,,,,,CCTTGTTTCTACT
A/duck/Hokkaido/OBF2/2018,GCGAAAGCAGG,,,,,,,,CCTTGTTTC
A/duck/Mongolia/675/2015,GCGAAAGCAGG,,,,,,,,CCTTGTTT
A/duck/Mongolia/777/2015,GCGAAAGCAGG,,,,,,,,CCTTGT
A/duck/Mongolia/124/2015,GCGAAAGCAGG,,,,,,,,CCTTGTTTC
A/Duck/Mongolia/2021-MG05/2021,GCGAAAGCAGG,,,,,,,,CACTAATT
A/duck/Mongolia/521/2015,GCCACAGCAGG,,,,,,,,CCTTGTT
A/Bar-headed_goose__Anser_indicus_/India/DBC1-12a/2016,CGCAGG,,,,,,,,CCTTGTTTCTACT
A/Wild_duck/South_Korea/KNU2020-134/2020,CAGCAGG,,,,,,,,C
A/duck/Mongolia/122/2015,GCGATAAGCAGG,,,,,,,,CCTTGTTT
A/duck/Mongolia/MN18-10/2018,ATGCAGG,,,,,,,,CACTTG
A/duck/Mongolia/116/2015,GAGAAAGCAGG,,,,,,,,CCTTGTTTCTACT
A/duck/Mongolia/566/2018,AGG,,,,,,,,C
A/blue-winged_teal/Texas/Sg-00205/2007,,A,,,,,,,
A/mallard/Jiangxi/1-4/2010,,,,TAC,,,,,
A/mallard/Interior_Alaska/6MP0878/2006,,,,,,,,,CC
A/duck/Hokkaido/8/1980,,,,,,,,,CCT
A/blue-winged_teal/North_Dakota/Sg-00714/2008,,,,,,,,,CCTTGTTTCTACT
A/mallard/Minnesota/Sg-00680/2008,,,,,,,,,CCTTGTTTCTACT
A/blue-winged_teal/North_Dakota/Sg-00704/2008,,,,,,,,,CCTTGTTTCTACT
A/mallard/Minnesota/Sg-00572/2008,,,,,,,,,CCTTGTTTCTACT
A/mallard/Minnesota/Sg-00679/2008,,,,,,,,,CCTTGTTTCTACT
A/mallard/Minnesota/Sg-00677/2008,,,,,,,,,CCTTGTTTCTACT
A/mallard/Minnesota/Sg-00463/2008,,,,,,,,,CCTTGTTTCTACT
A/swine/Minnesota/66960/2006,,,,,,,,,CCTTGTTTCTACT
A/swine/Illinois/02907/2009,,,,,,,,,CCTTGTTTCTACT
A/swine/North_Carolina/2003,,,,,,,,,CCTTGTTTCTACT
A/swine/Quebec/1279825/2011,,,,,,,,,CCTTGTTTCTACT
A/swine/Mexico/10499819/2014,,,,,,,,,CCTTGTTTCTACT
A/equine/Ankara/1/2013,,,,,,,,,CCTTGTTTCTACT
A/laughing_gull/Delaware_Bay/409/2017,,,,,,,,,CCTTGTTTCTA
A/pintail/Alaska/279/2005,,,,,,,,,C
A/pintail/Alaska/211/2005,,,,,,,,,C
A/duck/Quang_Ninh/14/2013,,,,,,,,,C
A/Duck/Mongolia/2021-MG07/2021,,,,,,,,,C
A/duck/Thailand/CU-7518C/2010,,,,,,,,,CCTTGTTTCTAC
A/Mallard/Pennsylvania/AH0119435S.1.A/2017,,,,,,,,,CCTTGTTTC
A/swine/Illinois/A01047014/2010,,,,,,,,,CCTTGTTTCTACTA
A/swine/Illinois/A01047009/2010,,,,,,,,,CCTTGTTTCTACTA
A/swine/Minnesota/A01076999/2010,,,,,,,,,CCTTGTTTCTACTA
A/equine/Neuville-Pres-Sees/1/2011,,,,,,,,,CCTTGTTTCTACTA
A/equine/Belfond/6-2/2009,,,,,,,,,CCTTGTTTCTACTA
A/equine/Jouars/4/2006,,,,,,,,,CCCTTGTTTCTACTCATGGTCAGGCCTTTTTGCAA
A/equine/Gironde/1/2014,,,,,,,,,CCTTGTTTCTACTCATG
A/equine/Cambremer/1/2012,,,,,,,,,CCTTGTTTCTACTCAG
A/equine/Saone-et-Loire/1/2015,,,,,,,,,CCTTGTTTCTACTCAG
A/swine/Zambia/51/2018,,,,,,,,,GGTCGTTTTTAAACTATTCAGTATTAATT
A/swine/Spain/14/2011,,,,,,,,,CCTT
A/duck/Nanjing/A1591-1/2010,,,,,,,,,CCTTGT
A/canine/Thailand/CU-DC5299/2012,,,,,,,,,CCTTGTTTCT
A/duck/Thailand/CU-7519C/2010,,,,,,,,,CCTTGTTTCT
